ANID,Ware,Country,Province,Site_Name,Ceramic Type,As,La,Lu,Nd,Sm,U,Yb,Ce,Co,Cr,Cs,Eu,Fe,Hf,Ni,Rb,Sb,Sc,Sr,Ta,Tb,Th,Zn,Zr,Al,Ba,Ca,Dy,K,Mn,Na,Ti,V,,,
 PCD1398,Redwares,Belize,Cayo,Tipu,Paxcamán Red,6.3635,14.5451,0.2301,13.0239,2.9934,1.9225,1.5005,28.1644,3.5592,22.94,0.2364,0.6153,16903.5,2.9731,0,8.74,0.6031,6.8326,618.92,0.4555,0.3748,5.8349,51.8,85.2,52033.9,447.1,242539.7,2.365,3989.5,163.72,385.2,3397.4,50.98,,,
 *PCD1405,Redwares,Belize,Cayo,Tipu,Paxcamán Red,7.3545,15.1378,0.2633,12.8959,3.231,2.0284,1.7397,32.4241,5.434,27.755,0.2249,0.6767,21105.8,3.7936,19.85,10.52,0.6909,8.0571,352.74,0.5366,0.4682,7.0176,42.07,88.31,60023.9,359.5,227932.5,2.3958,5570.9,325.15,576.8,3100.7,76.11,,,
 PCD1406,Redwares,Belize,Cayo,Tipu,Paxcamán Red,6.27,17.033,0.268,14.5419,3.3819,2.0605,1.7713,31.513,4.9242,26.09,0.2803,0.6953,20163.6,3.3842,0,7.65,0.6836,7.9664,583.42,0.54,0.4905,6.6175,49.17,89.28,59660,439.3,249764.4,3.0315,3217.1,222.07,921.3,3275.4,71.34,,,
 PCD1407,Redwares,Belize,Cayo,Tipu,Paxcamán Red,5.4798,14.8524,0.2461,14.4963,3.0434,1.6273,1.6176,29.4466,4.0505,25.722,0.2785,0.6201,18889.4,3.3834,0,8.39,0.6409,7.4674,507.74,0.4901,0.4507,6.4021,57.21,70.61,56252.4,437.2,231794.3,2.3515,3364,191.37,676.2,2963,55.5,,,
 PCD1423,Redwares,Belize,Cayo,Tipu,Paxcamán Red,7.7935,17.1066,0.2569,15.277,3.5125,2.1383,1.7627,32.7793,4.7887,25.435,0.3055,0.7462,21481,3.4735,0,6.94,0.7539,7.9519,507.66,0.5124,0.4918,6.4552,56.69,92.87,58912.7,513.8,229443.8,2.6876,1820.8,220.43,855.1,3277.6,59.19,,,
 PCD1425,Redwares,Belize,Cayo,Tipu,Paxcamán Red,5.3189,16.3301,0.2564,15.5476,3.3355,1.6014,1.7838,31.7379,4.615,25.983,0.3509,0.6972,19039.4,3.2368,25.72,6.7,0.6289,7.7041,620.43,0.5034,0.4675,6.4848,62.94,71.1,56397.1,429,233700.9,2.6607,2290.4,225.78,903.3,3606.6,61.14,,,
 PCD1431,Redwares,Belize,Cayo,Tipu,Paxcamán Red,4.963,16.8202,0.2634,15.014,3.3953,1.8632,1.8299,30.6313,4.6978,22.849,0.1938,0.7263,19910,3.2024,18.46,3.96,0.675,7.8416,522.79,0.5276,0.4866,6.3042,59.25,79.05,59762,480.9,243144.4,2.9968,1962.2,146.07,499.1,3378.4,49.44,,,
 PCD1440,Redwares,Belize,Cayo,Tipu,Paxcamán Red,5.6665,18.4185,0.2783,18.0122,3.8538,2.1197,1.9562,34.6083,5.4943,31.249,0.3064,0.8108,23274.2,3.6857,0,3.74,0.7698,8.5687,493.78,0.6163,0.5693,7.3433,47.27,75.18,67663.3,485.6,225128.7,3.2192,3368.2,224.04,795.5,3335.9,58.4,,,
 PCD1445,Redwares,Belize,Cayo,Tipu,Paxcamán Red,4.763,13.3538,0.2158,13.0801,2.698,1.6476,1.3404,26.346,3.3208,20.2513,0.3036,0.5732,15845.5,2.7447,0,7.91,0.48,6.7267,659.84,0.3958,0.408,5.4363,47.86,63.85,48240.9,428.2,277493.8,2.2265,3092.8,169.79,445.3,2741.2,51.61,,,
 PCD1455,Redwares,Belize,Cayo,Tipu,Paxcamán Red,6.8985,23.0438,0.3222,23.2891,4.5593,2.6,2.252,50.5876,5.7979,35.4448,0.3722,0.9497,25602.7,4.4393,0,4.49,0.8409,9.3438,561.72,0.6556,0.6389,9.1543,56.09,116.59,68791.8,508.7,220924.2,3.4741,2976,315.6,778.7,4401.7,59.94,,,
 PCD1456,Redwares,Belize,Cayo,Tipu,Paxcamán Red,5.0327,23.1961,0.3285,20.0716,4.6036,2.3139,2.4325,50.2619,6.3583,32.554,0.7486,0.9696,21580.7,4.8141,0,12.98,0.7662,7.6745,119.54,0.5338,0.6726,8.062,52.08,111.41,57185.6,362.8,236580.5,3.9339,6066.9,278.71,1573.7,2992.6,60.2,,,
 PCD1458,Redwares,Belize,Cayo,Tipu,Paxcamán Red,9.0967,17.0198,0.2413,16.7687,3.526,2.0478,1.7306,33.7964,4.7707,23.3251,0.2462,0.7666,21812.2,3.4381,0,8.86,0.7417,7.8706,527.51,0.5005,0.4729,6.3187,48.96,89.6,26917.7,275.3,109801.4,1.295,1475.7,123.61,209.4,2101.8,22.78,,,
 *PCD1462,Redwares,Belize,Cayo,Tipu,Paxcamán Red,7.304,16.6045,0.2582,15.113,3.4466,1.8097,1.7171,37.26,5.4346,25.1079,0.2774,0.7257,19028.7,3.0851,0,10.72,0.6275,7.357,542.26,0.4751,0.6326,6.0297,54.8,76.07,53620.1,464.6,249546.6,2.5334,2789,283.66,407.8,3006.1,55.59,,,
 PCD1463,Redwares,Belize,Cayo,Tipu,Paxcamán Red,6.8145,17.9707,0.249,15.3191,3.7436,2.2241,2.0472,35.2275,5.0636,25.3535,0.1655,0.8081,20813.9,3.259,0,10.63,0.667,7.9567,573.91,0.4949,0.5675,6.6018,73.75,91.22,60466.2,514.2,240176.8,3.0167,3594.4,360.79,430.4,3356.4,47.49,,,
 PCD1471,Redwares,Belize,Cayo,Tipu,Paxcamán Red,6.5434,16.1504,0.2579,13.9295,3.2895,2.0025,1.7438,29.8329,4.3483,26.3404,0.3838,0.6863,20323.9,3.2687,0,3.89,0.6327,7.8273,550.46,0.5295,0.4851,6.6009,54.55,106.15,58585.5,466.5,235600.8,2.9576,3052.1,207.14,782.8,3252.7,55.9,,,
 PCD1479,Redwares,Belize,Cayo,Tipu,Paxcamán Red,5.7373,21.8023,0.3432,20.9831,4.7862,2.8237,2.6531,41.6731,6.2207,41.4693,0.5158,1.0236,25689.4,4.4575,0,7.65,0.7416,11.2195,481.33,0.6178,0.7291,9.171,71.41,113.55,71102.4,744.7,194467.1,3.916,4257.1,373.08,1297.3,3930.2,61.15,,,
 PCD1492,Redwares,Belize,Cayo,Tipu,Paxcamán Red,7.8534,19.8985,0.3227,19.094,4.1624,2.4083,1.9641,37.772,5.1125,30.1028,0.2333,0.8515,23139.2,3.8546,0,7.66,0.7008,9.0193,535.81,0.5926,0.5254,7.9477,58.53,109.04,63423.7,430.6,222008.6,3.103,7409.1,149.6,656.9,4205.8,49.98,,,
 PCD1493,Redwares,Belize,Cayo,Tipu,Paxcamán Red,10.4545,19.4414,0.3073,18.6535,4.1209,2.2955,2.0134,39.2202,5.3163,31.6525,0.2048,0.8532,24891.1,4.0269,0,4.61,0.678,8.9126,450.51,0.5573,0.535,7.6176,55.7,96.18,62105.4,553.6,225429.5,3.0166,4251.8,210.31,653.6,3345.1,46.98,,,
 PCD1494,Redwares,Belize,Cayo,Tipu,Paxcamán Red,6.2562,16.45,0.2719,15.0396,3.4936,1.9905,1.8097,33.9278,3.9408,30.3616,0.2707,0.7024,20622.4,3.7035,0,5.23,0.665,8.0546,546.5,0.5323,0.4419,7.2352,46.95,96.87,57409.1,535.1,242362.5,2.4516,4424.6,153.91,467.1,3802,73.41,,,
 PCD1499,Redwares,Belize,Cayo,Tipu,Paxcamán Red,8.5718,22.4465,0.3598,21.8115,4.7715,2.4427,2.5459,46.3113,6.574,35.1824,0.3595,0.988,26119.9,4.3316,31.31,10.2,0.7826,9.9116,507.79,0.6556,0.6408,8.5999,61.4,106.51,71443.4,545,204835.4,3.571,4701.4,238.68,625,3739.8,64.58,,,
 PCD1504,Redwares,Belize,Cayo,Tipu,Paxcamán Red,6.1028,18.1949,0.3008,16.8511,3.8872,2.369,1.9628,37.4703,4.8014,32.0714,0.3209,0.7702,23487.2,4.1094,0,8.1,0.8555,8.9191,519.92,0.5839,0.4597,8.2553,58.19,106.98,63442.8,438.8,225141.7,2.7993,4452.8,160.25,648.3,3153.6,75.38,,,
 PCD1508,Redwares,Belize,Cayo,Tipu,Paxcamán Red,7.0095,19.533,0.2958,20.814,4.0595,2.3007,2.2131,37.6166,4.9553,27.5987,0.2629,0.8143,23206,3.7777,18.53,6.84,0.7331,0.7331,8.9065,563.66,0.5728,7.81,53.06,100.27,61383.7,575.3,235538.6,2.704,4074.7,257.63,481.1,2967.7,63.96,,,
 PCD1510,Redwares,Belize,Cayo,Tipu,Paxcamán Red,6.0392,17.0886,0.2806,15.2879,3.6307,2.0425,1.9195,35.5781,4.509,27.3773,0.2723,0.7282,20545,3.6404,20.45,4.32,0.7195,8.0267,558.27,0.5312,0.4424,7.1039,44.01,94.78,55342.2,437.4,265514.5,2.3842,2597.2,179.06,423.2,3185.2,57.05,,,
 PCD1513,Redwares,Belize,Cayo,Tipu,Paxcamán Red,5.7934,20.0739,0.2993,20.4214,4.218,2.3524,2.1627,38.8134,5.1026,29.8483,0.3033,0.8398,22289,3.9649,15.87,7.86,0.7386,8.552,574.01,0.5892,0.5003,7.7594,53.4,107.93,59498.2,483,235975.5,3.0125,3720.6,178.81,770.3,3257.5,73.95,,,
 PCD1514,Redwares,Belize,Cayo,Tipu,Paxcamán Red,8.4599,22.5713,0.3901,21.9101,4.8655,2.1852,2.3655,46.7681,6.3658,36.2257,0.3102,0.9765,26368.1,4.3951,22.52,7.37,0.8785,10.1129,517.2,0.6846,0.5962,8.7727,52.41,113.89,72239.4,505.9,207335.3,3.5319,4535,191.16,626.7,3643.2,76.68,,,
 PCD1529,Redwares,Belize,Cayo,Tipu,Paxcamán Red,8.3215,22.7497,0.38,20.822,4.882,2.6932,2.3986,46.2176,6.7543,33.9716,0.34,1.0015,26779.3,4.3984,28.8,6.2,0.9074,10.2092,479.64,0.6684,0.7706,8.7721,66.36,108.39,74340.2,485.7,197405.1,3.645,4299.6,222.5,594.8,3781,70.39,,,
 PCD1531,Redwares,Belize,Cayo,Tipu,Paxcamán Red,5.96,15.644,0.2578,15.7633,3.3792,2.2258,1.945,31.8314,4.436,26.3435,0.3625,0.6616,18435.1,3.3285,0,6.6,0.6311,7.3509,603.3,0.4976,0.4006,6.5564,46.38,85.02,54801.6,327,251798.8,2.401,3384.8,351.35,560.6,3047.9,50,,,
 PCD1532,Redwares,Belize,Cayo,Tipu,Paxcamán Red,8.5484,17.0762,0.2757,15.5498,3.7045,1.9307,1.7583,35.2772,5.864,27.0165,0.2658,0.7283,20804.5,3.4964,0,7.68,0.7439,7.6222,474.44,0.5155,0.4435,6.9882,52.11,93.63,57324.8,424,246921.1,2.5419,5390.2,571.08,797,3288.3,54.98,,,
 PCD1540,Redwares,Belize,Cayo,Tipu,Paxcamán Red,6.9103,20.4403,0.3252,22.3448,4.3257,2.1764,2.1411,38.226,5.9387,31.3839,0.2531,0.8619,25621.3,4.0986,15.04,6.64,0.832,9.7371,500.48,0.6264,0.6431,8.2262,63.51,103.92,70349,508,211438,3.2844,2873.5,307.64,623.9,3407.8,54.57,,,
 PCD1541,Redwares,Belize,Cayo,Tipu,Paxcamán Red,8.9639,27.7623,0.3664,27.4632,5.5416,1.7495,2.5775,58.2819,7.1816,34.4333,0.5197,1.0971,25238.8,5.0574,22.72,9.97,0.903,8.2844,91.2,0.5929,0.7258,8.9558,46.79,125.56,61294.8,386.6,219601.3,4.0672,6430.3,205.05,680.9,3286.3,76.93,,,
 PCD1550,Redwares,Belize,Cayo,Tipu,Paxcamán Red,6.5733,17.8535,0.2654,17.6977,3.6585,2.2695,2.0932,36.181,5.1608,27.098,0.3185,0.7682,21790.6,3.728,19.91,7.18,0.6985,7.8055,572.64,0.5238,0.4659,6.7696,59.49,114.17,61433.4,478.7,230779.6,2.9351,2274.9,192.58,591.4,3000.2,63,,,
 PCD1551,Redwares,Belize,Cayo,Tipu,Paxcamán Red,4.3637,9.9822,0.2057,9.0396,1.9924,1.8424,1.2074,19.0065,3.3179,22.481,0.2412,0.4152,17011.1,3.2828,0,7.11,0.6775,6.358,263.38,0.412,0.2413,5.7264,59.34,83.59,49230.7,384.5,249906.6,1.5518,3345.4,136.43,499.6,2726.3,43.36,,,
 *PCD1552,Redwares,Belize,Cayo,Tipu,Paxcamán Red,6.9161,37.9878,0.4782,32.8672,5.726,3.3193,3.2721,71.4448,11.6284,23.215,2.8353,1.2188,23952,7.6407,0,50.82,1.2625,8.5468,137.8,0.8552,0.6872,11.4702,81.15,183.86,97576.9,624.7,17758.1,4.3102,15479.5,1096.15,10400.4,4349.9,40.6,,,
 PCD1554,Redwares,Belize,Cayo,Tipu,Paxcamán Red,5.0923,13.4058,0.2337,15.0182,2.7455,1.6815,1.3325,26.9022,3.4643,22.2,0.2674,0.5665,16755,2.9408,0,4.45,0.5768,6.3195,679.07,0.4515,0.3797,5.6678,42.41,78.38,48944.5,395.2,266156.6,2.1494,1698,171.31,442.5,2612.9,55.83,,,
 PCD1556,Redwares,Belize,Cayo,Tipu,Paxcamán Red,7.98,22.0669,0.3481,19.9887,4.6388,2.4988,2.5266,45.6933,6.1624,33.071,0.2608,0.983,25560.6,4.3193,19.53,7.83,0.734,9.7929,493.39,0.6637,0.6527,8.2377,68.6,126.33,73323.6,561,202125.2,4.0585,5020.6,263.1,675.8,3524.2,70.43,,,
 PCD1557,Redwares,Belize,Cayo,Tipu,Paxcamán Red,5.3788,14.4716,0.2611,14.5829,3.0646,1.762,1.5431,28.4672,5.4831,23.72,0.2719,0.6314,16970.2,2.9299,0,10.11,0.6284,6.4569,575.64,0.4551,0.4321,5.6025,73.41,107.93,51209.8,399,251767.5,2.2345,5191.9,238.94,744.3,3357.7,49.79,,,
 PCD1567,Redwares,Belize,Cayo,Tipu,Paxcamán Red,4.7674,9.9106,0.2187,8.8364,2.0402,1.8088,1.2773,18.859,3.3572,21.987,0.2514,0.4085,16686.6,3.269,7.22,7.92,0.7176,6.3241,254.09,0.4154,0.265,5.6541,57.84,101.19,49036.5,387.9,263330.2,1.6146,3098.3,152.01,518.9,2788.8,49.01,,,
 PCD1568,Redwares,Belize,Cayo,Tipu,Paxcamán Red,8.7712,23.763,0.3517,24.8449,5.0134,2.4516,2.5052,54.0083,6.9184,31.253,0.3465,1.0587,24735.8,4.1555,0,6.82,0.7776,9.0457,608.65,0.5976,0.6493,7.9029,59.34,106.09,66618.7,404.9,242154.8,3.5739,1747.3,336.8,551.6,3245.6,78.9,,,
 PCD1570,Redwares,Belize,Cayo,Tipu,Paxcamán Red,6.4441,15.1236,0.2845,13.6836,3.1247,1.8164,1.6883,28.4117,4.9351,21.413,0.1663,0.6464,16539.1,2.9639,0,4.37,0.6055,6.4867,583.75,0.4438,0.4331,5.5133,57.59,70.89,53380.9,424.1,263484.3,2.3509,2657.7,209.71,454.8,2497.7,43.55,,,
 PCD1572,Redwares,Belize,Cayo,Tipu,Paxcamán Red,9.9994,31.9285,0.4346,32.5447,6.1989,2.3436,3.2272,66.474,8.2753,40.358,0.4171,1.3253,27896.2,6.2378,41.15,8.19,0.8434,9.648,375.36,0.6724,0.8349,9.8557,62.48,194.92,70836.4,421.8,213079.9,4.8773,4921.1,362.23,671,3699.2,86.1,,,
 *PCD1584,Redwares,Belize,Cayo,Tipu,Paxcamán Red,6.9199,17.3527,0.2691,18.2521,3.6607,2.1534,1.9528,34.6825,5.8739,22.664,0.2943,0.7716,19145,3.2411,0,9.82,0.6999,7.3949,568.37,0.5046,0.4648,6.1688,66.01,92.24,55240.9,270.7,273695.8,2.8644,4923,495.85,381,2872.3,52.05,,,
 PCD1588,Redwares,Belize,Cayo,Tipu,Paxcamán Red,5.6587,20.7508,0.3399,20.2727,4.2368,2.304,2.3195,39.9552,5.5794,31.541,0.3234,0.8837,25447.8,4.1029,24.44,7.89,0.8391,9.3673,503.19,0.6266,0.5288,7.9505,64.67,131.22,67116.7,439.9,211364,3.3589,4594.9,190.85,563.8,3664.9,66.41,,,
PCD1424,Redwares,Belize,Cayo,Tipu,Ixpop Polychrome,4.5875,13.9414,0.2186,12.3937,2.8232,1.9192,1.4928,27.1535,3.2504,21.966,0.2508,0.5838,16590.9,2.8448,0,5.75,0.5939,6.7537,693.27,0.4334,0.4043,5.5676,90.94,68.51,48709,629.9,252342.8,2.2072,1273.4,137.67,436.6,2977.6,47.92,,,
 *PCD1432,Redwares,Belize,Cayo,Tipu,Ixpop Polychrome,5.8897,18.43,0.2839,17.4288,3.7549,2.1816,1.9703,34.49,5.2088,30.901,0.4537,0.7916,23243.2,3.75,20.71,10.63,0.6896,8.9539,509.4,0.5772,0.5558,7.3675,50.57,71.85,66722,458.4,224572,2.9304,5125.9,176.39,874,2979.2,70.19,,,
 PCD1433,Redwares,Belize,Cayo,Tipu,Ixpop Polychrome,4.0756,15.7392,0.2313,14.4348,3.2206,2.042,1.6099,29.6128,4.1227,22.973,0.2304,0.6831,19220.1,3.1804,21.36,9.96,0.6257,7.2199,537.69,0.4756,0.4596,6.251,49.94,76.03,56572.6,343.6,249886.7,2.5638,5180,201.18,603,3008.4,49.52,,,
 PCD1434,Redwares,Belize,Cayo,Tipu,Ixpop Polychrome,6.2441,15.1132,0.2312,13.7828,3.0859,2.0387,1.6454,29.6723,3.687,26.258,0.2379,0.6453,17521.8,3.2259,0,9.25,0.5759,7.6222,575.41,0.4964,0.3965,6.2678,53.34,77.89,57080.3,522,249864,2.8567,4559.6,158.71,634.6,3366.5,68.11,,,
 PCD1436,Redwares,Belize,Cayo,Tipu,Ixpop Polychrome,6.4737,17.0986,0.2709,17.0107,3.5183,1.7496,1.7635,31.6041,5.6059,26.915,0.2743,0.7546,21029.2,3.4208,22.72,9.97,0.7084,8.2596,520.96,0.5321,0.4467,6.7752,44.17,80.31,59737.9,371.9,250422.1,2.8615,6234.9,345.49,558.7,3143.3,57.01,,,
 PCD1443,Redwares,Belize,Cayo,Tipu,Ixpop Polychrome,5.6307,19.3873,0.3001,15.2181,3.9175,2.1716,2.0575,36.501,5.2449,29.8035,0.3857,0.8447,23892.3,3.768,0,11.06,0.7001,9.2164,538.67,0.5934,0.5386,7.4878,58,101.2,66272.5,425.9,225524.1,3.1063,5341.3,161.04,845.4,3963,62.9,,,
 *PCD1497,Redwares,Belize,Cayo,Tipu,Ixpop Polychrome,4.7945,14.643,0.242,14.5301,3.0771,1.9967,1.6572,29.5651,3.7223,24.195,0.2767,0.6192,17593.9,3.0114,24.08,4.66,0.6047,7.026,709.4,0.4484,0.3864,6.0115,64.48,82.67,47134.3,527.4,247774.7,2.2504,1181.4,159.23,432.8,2984.6,47.15,,,
 PCD1501,Redwares,Belize,Cayo,Tipu,Ixpop Polychrome,5.116,16.2085,0.2528,14.7985,3.5039,2.0591,1.5704,33.0567,6.0776,23.6298,0.3041,0.6984,20382.6,3.2925,0,11.37,0.7257,7.3544,612.23,0.4989,0.4993,6.7625,56.74,78.48,53945.8,355.4,244173.8,2.2413,4932.2,494.62,683.7,2599.9,49.07,,,
 PCD1502,Redwares,Belize,Cayo,Tipu,Ixpop Polychrome,5.4491,16.9342,0.251,17.2048,3.5163,2.0131,1.7163,34.6458,4.996,26.7445,0.2818,0.7006,18242.8,3.3663,0,6.29,0.5833,7.3392,639.75,0.5073,0.459,6.5408,50.22,84.99,51887,352,257588.3,2.5401,4453.1,445.15,485.2,3627.3,53.76,,,
 PCD1503,Redwares,Belize,Cayo,Tipu,Ixpop Polychrome,5.6804,16.9293,0.2465,17.0024,3.571,2.0014,1.8311,34.5723,4.2582,27.5089,0.2058,0.7144,18358.1,3.352,0,7,0.5986,7.3663,641.67,0.4938,0.4236,6.5809,48.49,94.2,55010,412.2,256571.6,2.7354,2655.4,259.62,491.7,2904.6,51.49,,,
 PCD1505,Redwares,Belize,Cayo,Tipu,Ixpop Polychrome,8.0452,21.2068,0.3462,20.8942,4.5721,2.5413,2.4396,42.2115,5.8894,34.7659,0.3847,0.9172,25725.7,4.1862,0,5.53,0.8358,9.7744,597.15,0.6466,0.6875,8.3642,54.19,106.16,68819.2,487.6,226324.4,3.6408,4264.7,174.42,885.2,3838.2,65.37,,,
 *PCD1506,Redwares,Belize,Cayo,Tipu,Ixpop Polychrome,5.5766,16.3223,0.2689,14.3538,3.4597,2.0218,1.7515,33.6648,3.8315,27.0575,0.3373,0.6885,18079.6,3.2729,19.84,6.91,0.6052,7.1983,681.45,0.4941,0.5076,6.4168,46.8,84.78,51129.4,429.8,262722.3,2.5553,3193.3,164.81,421.6,2742.3,57.49,,,
 PCD1507,Redwares,Belize,Cayo,Tipu,Ixpop Polychrome,6.8597,15.2163,0.2398,14.6398,3.3021,1.9381,1.7945,30.4408,4.93,24.4925,0.2901,0.6609,19625.2,3.2128,25.44,8.72,0.6631,7.4576,547.78,0.4839,0.4198,6.1053,62.18,68.31,54271.3,409.7,250935.3,2.2309,3314.6,410.78,444.8,2939.8,50.42,,,
 PCD1509,Redwares,Belize,Cayo,Tipu,Ixpop Polychrome,7.7753,22.7125,0.3628,21.8472,4.8278,2.1736,2.5596,45.8333,5.9945,32.6771,0.3187,0.9902,24081.7,4.0728,0,4.96,0.7973,9.1827,612.85,0.6032,0.6008,8.23,55.49,118.54,67407.7,435.6,239004.1,3.5462,4385,227.97,585.7,3749.6,75.2,,,
 *PCD1511,Redwares,Belize,Cayo,Tipu,Ixpop Polychrome,6.0677,44.0261,0.483,40.5022,7.9692,2.2671,3.59,91.5533,7.0373,58.4844,3.1662,1.3534,24865.7,7.6017,39.2,53.35,0.8575,10.8005,103.85,1.4919,0.9283,11.9081,98.03,187.42,57763.3,330.6,126759.8,5.7051,7932.3,201.71,1205.2,5162.7,57.85,,,
 PCD1535,Redwares,Belize,Cayo,Tipu,Ixpop Polychrome,6.0359,15.4817,0.2575,14.6637,3.3955,2.3982,1.6722,31.9413,6.0122,24.961,0.3089,0.6679,18378.7,3.3606,0,7.5,0.8267,7.2737,600.2,0.5023,0.4205,6.4635,56.88,87.12,54062,484.4,251154.6,2.4866,2758.8,729.53,459.5,3180.5,53.86,,,
 PCD1545,Redwares,Belize,Cayo,Tipu,Ixpop Polychrome,5.4621,16.3054,0.2392,16.0866,3.3513,2.1594,1.7767,32.2944,5.1282,26.008,0.2853,0.684,20076.2,3.4305,0,7.35,0.6684,7.7183,604.74,0.5142,0.4743,6.5617,58.48,89,62908.5,421.3,244941.9,2.6057,4501.2,354.62,732.5,3607.6,65.08,,,
 PCD1553,Redwares,Belize,Cayo,Tipu,Ixpop Polychrome,6.418,20.555,0.3403,20.1204,4.1976,2.6703,2.1612,45.9097,6.1131,33.117,0.2692,0.8432,21451.6,4.0886,0,9.08,0.8033,8.6447,598.28,0.6288,0.5982,8.5361,59.02,118.01,64478.9,405.3,219009,3.1976,2204.2,491.01,586.2,3465.2,67.5,,,
 PCD1562,Redwares,Belize,Cayo,Tipu,Ixpop Polychrome,4.6547,13.1585,0.241,13.4892,2.6666,1.5479,1.5071,25.9515,3.4725,20.694,0.23,0.5504,14925.1,2.6718,21.22,7.51,0.5215,6.0994,676.17,0.4288,0.3949,5.2813,58.71,73,45010.7,362.4,275408,1.9795,2212,278.21,452,2626.2,44.76,,,
 PCD1563,Redwares,Belize,Cayo,Tipu,Ixpop Polychrome,7.0764,19.9801,0.3528,18.6341,4.1311,2.5326,2.2343,39.7828,5.7735,29.362,0.2804,0.8554,23757.5,4.0605,40.06,11.39,0.76,9.2586,563.92,0.5952,0.6545,7.5262,66.98,128.4,67438.2,414.7,218502,3.0145,3323.7,243.95,589.7,3224.8,73.19,,,
 *PCD1564 ,Redwares,Belize,Cayo,Tipu,Ixpop Polychrome,9.8391,22.802,0.3972,24.4841,4.7041,3.1284,2.5051,47.0943,6.8297,34.059,0.3592,1.0146,26695.9,4.3625,0,5.37,0.785,10.1811,484.04,0.6762,0.6183,8.5119,61.28,131.46,74109.5,420.4,198908.3,3.6581,3692.7,231.97,621.2,3731.1,85.81,,,
PCD1392,Redwares,Belize,Cayo,Tipu,Sacá Polychrome,5.3555,16.7759,0.2733,15.5178,3.4297,1.9691,1.6479,32.8522,5.3728,28.371,0.1742,0.7063,20886.3,4.207,0,5.68,0.8221,7.8437,235.46,0.5383,0.5013,7.3032,56.29,101.37,57532.8,504.4,234839.2,2.6005,2555,261.37,466.9,3255.8,66.49,,,
PCD1418,Redwares,Belize,Cayo,Tipu,Picú Incised: Picú Variety,4.3101,51.1789,0.3505,45.3384,9.1851,1.3219,2.8344,99.6113,5.0726,84.318,0.7004,1.7673,24693.7,6.7114,0,10.39,0.8515,8.9009,133.28,0.8919,1.1176,10.0464,61.12,164.38,62155,282.8,174846.4,5.546,5186.6,225.05,1659.2,3886.5,47.96,,,
 PCD1419,Redwares,Belize,Cayo,Tipu,Picú Incised: Picú Variety,5.7317,15.2251,0.2354,15.5962,2.9538,1.8937,1.5876,28.0045,3.8394,25.045,0.3019,0.6128,19162.4,3.2119,0,3.41,0.5512,7.7505,557.08,0.4996,0.4223,5.8886,38.12,70.55,58162.2,497.5,250036.6,2.3487,2086.7,157.88,496.9,3619.9,49.24,,,
 PCD1478,Redwares,Belize,Cayo,Tipu,Picú Incised: Picú Variety,6.6161,83.8291,0.4977,75.299,15.0432,1.8665,4.2108,188.0052,6.0667,125.5643,0.732,2.9566,35211,10.0057,25.2,6.97,0.9161,13.7768,49.58,1.362,1.8094,13.9392,84.4,252.54,96702,387.9,26317.5,9.2838,5294.8,326.4,2017.2,5474.7,72.46,,,
 *PCD1496,Redwares,Belize,Cayo,Tipu,Picú Incised: Picú Variety,5.8763,42.735,0.2594,38.7143,7.6788,1.309,2.414,111.2334,2.6107,67.0932,0.7032,1.4813,17145.5,5.0067,0,8.16,0.5898,7.3303,194.92,0.6778,0.9369,7.5224,67.49,135.48,46976.2,271.9,228050.7,4.2025,1848.7,72.92,1006.6,3102.3,32.99,,,
 PCD1530 ,Redwares,Belize,Cayo,Tipu,Picú Incised: Picú Variety,5.9797,16.266,0.2632,14.653,3.4146,1.866,1.6471,30.7659,4.2483,27.8669,0.3646,0.6761,20370.9,3.4812,0,3.4,0.5788,8.1142,579.63,0.5197,0.4339,6.514,44.21,76.98,59276.5,443.1,254481.6,2.4197,1932.8,173.95,332.1,2994.2,43.61,,,
PCD1412,Redwares,Belize,Cayo,Tipu,Picú Incised: Thub Variety,6.1719,16.5462,0.2587,15.4812,3.2798,1.8263,1.7073,32.2382,4.5377,30.376,0.2526,0.6996,19165.8,3.3706,29.59,8.5,0.7188,8.0742,592.22,0.5225,0.4826,6.6822,54.69,70.36,60814.6,441.2,233768.4,2.7399,3889,194.67,752.7,3533.3,62.12,,,
*PCD1408,Redwares,Belize,Cayo,Tipu,Fulano Black,5.8327,17.0381,0.2576,16.4212,3.402,2.096,1.6488,32.6672,4.6481,26.709,0.3923,0.7127,19731.4,3.3287,33.68,12.5,0.6277,7.8227,578.89,0.5123,0.4857,6.6388,51.11,84.99,59156.8,454.2,233811.8,2.6335,5983.6,230.83,715.3,3153.7,59.35,,,
 PCD1457,Redwares,Belize,Cayo,Tipu,Fulano Black,6.4608,25.3627,0.3782,22.6347,5.0234,2.7653,2.5919,53.6542,7.1358,36.8945,0.3547,1.0652,26849.1,5.2335,21.34,12.92,0.9856,9.8002,184.21,0.6337,0.709,9.5718,67.93,145.88,66957.3,388.3,213092.1,3.8979,5744.9,269.81,680.8,3684.2,61.81,,,
 *PCD1470,Redwares,Belize,Cayo,Tipu,Fulano Black,7.3653,16.0507,0.2506,13.5732,3.3565,1.9783,1.7924,31.5677,4.8935,25.3663,0.3793,0.7062,22077.8,3.2036,0,9.58,0.6323,7.6938,568.45,0.4767,0.447,6.0645,60.6,79.41,57872.7,561.6,235025.4,2.8193,3796.4,210.85,1272.2,3208.3,52.88,,,
 PCD1533,Redwares,Belize,Cayo,Tipu,Fulano Black,5.9101,14.6562,0.2537,13.4939,3.0818,2.0005,1.4098,28.7442,3.9697,22.831,0.2683,0.6167,15639.5,2.7969,16.92,11.09,0.4995,6.2656,700.84,0.4168,0.4221,5.5496,54.25,69.81,45031.5,402.9,266479.7,2.1047,5884.8,477.51,749.3,2390,40.52,,,
 *PCD1565,Redwares,Belize,Cayo,Tipu,Fulano Black,4.2435,17.8646,0.3454,20.275,4.0387,2.0164,2.279,42.2278,7.3829,36.212,2.8875,0.7197,23597,3.3799,0,58.61,1.0398,9.281,58.37,0.7268,0.5361,7.8001,55.73,107.59,52974.6,330.5,219750,3.0048,12928.5,336.45,513.9,3190.2,55.49,,,
*PCD1480,Redwares,Belize,Cayo,Tipu,Augustine Red,7.623,17.962,0.2815,14.8823,3.8176,1.6701,2.2266,40.0087,6.8871,42.7066,3.9762,0.674,26443.2,3.8266,0,65,1.2641,10.5618,36.9,0.8712,0.5404,9.4521,55,80.57,57419.4,392.8,194872.8,3.453,10008.8,161.63,538.5,3865.8,58.6,,,
PCD1430,Redwares,Belize,Cayo,Tipu,Trapeche Pink,6.4108,17.3148,0.2387,16.8698,3.4176,2.2226,1.6821,33.6005,4.2929,29.32,0.3492,0.7069,21961.2,3.3791,22.47,4.45,0.5955,7.6847,323.14,0.5292,0.4648,6.7515,51.53,90.33,59588.1,382,221426.3,2.4833,1951.8,278.53,486.2,2819.5,63.29,,,
*PCD1444,Redwares,Belize,Cayo,Tipu,Trapeche Pink,3.6653,31.2584,0.2591,26.9359,5.5845,1.5716,2.2805,72.4245,2.6666,65.4913,0.5156,1.1194,18742.1,4.8261,0,10.01,0.4224,7.102,195.85,0.6787,0.7645,6.9532,66.77,111.34,51416.3,419.9,235495.9,4.0377,5122.2,44.94,1083.4,3036.5,32.21,,,
PCD1518,Redwares,Belize,Cayo,Tipu,Mul Polychrome,7.1312,20.5251,0.3097,16.3259,4.2172,2.3967,2.243,40.837,5.6278,34.5936,0.5098,0.8284,25968.9,4.1433,0,6.92,0.814,9.1573,429.03,0.6297,0.5229,8.5455,45.69,112.97,67930.2,357,237920.2,2.8643,1169.5,375.33,471.3,3366.1,71.52,,,
PCD1396,Redwares,Belize,Cayo,Tipu,Topoxté Red,1.5592,9.7641,0.1002,8.7643,1.8863,0.9996,0.8106,19.4593,4.2254,25.908,0.7839,0.3857,9140.5,1.5466,0,11,0.3396,3.3659,46.97,0.2216,0.2583,2.4767,28.67,47.24,27325.7,181.2,312406.2,1.4074,4859.9,386.48,698.2,1982.5,32.8,,,
 PCD1399,Redwares,Belize,Cayo,Tipu,Topoxté Red,1.7431,8.0833,0.1081,6.8057,1.5894,0.9229,0.6747,15.5098,3.4703,24.694,0.2978,0.3229,9219.5,1.396,29,8.89,0.3706,3.377,49.12,0.2173,0.1982,2.291,26.25,33.28,23639.3,142.9,293963,1.31,5761.3,239.3,458.6,1643.4,20.98,,,
 PCD1400,Redwares,Belize,Cayo,Tipu,Topoxté Red,2.3524,10.0965,0.1029,8.0253,1.9075,0.8469,0.7208,19.6244,4.3343,23.737,0.2507,0.3781,9811,1.5792,0,5.37,0.3341,3.2819,56.61,0.2275,0.2617,2.5601,28.13,31.96,27147,128.4,289592.4,1.502,3460.6,325.16,425.6,1636.4,18.53,,,
 PCD1401,Redwares,Belize,Cayo,Tipu,Topoxté Red,2.1836,8.7397,0.1173,8.2578,1.7439,0.9357,0.7769,18.0417,4.0159,22.451,0.375,0.3462,11141.9,1.7894,24.53,8.77,0.3824,3.9238,66.32,0.2501,0.2063,2.6647,32.54,51.32,32936.4,203.7,257493.4,1.3023,4549.9,254.7,630,2316.5,17.63,,,
 PCD1402,Redwares,Belize,Cayo,Tipu,Topoxté Red,1.4684,10.5282,0.1362,9.8854,1.9491,1.1848,0.83,19.3778,4.3156,24.957,0.4238,0.3987,10650.8,1.7106,0,11.43,0.3703,3.6602,73.46,0.2434,0.2294,2.6039,32.7,51.78,31356.8,140,274499.1,1.4908,4892.5,292.7,957.7,1974.1,23.35,,,
 *PCD1415,Redwares,Belize,Cayo,Tipu,Topoxté Red,1.6794,7.7248,0.1044,7.9552,1.5099,1.1467,0.6464,17.0592,4.6403,26.228,0.5277,0.3198,10656.9,1.5435,19.53,12.83,0.2883,3.6623,58.02,0.2277,0.2105,2.3847,25.85,36.27,29224.7,156.1,268569.8,1.1187,5307.7,398.98,218.5,1500.6,33.96,,,
 PCD1420,Redwares,Belize,Cayo,Tipu,Topoxté Red,1.6107,8.9134,0.1094,8.3502,1.709,1.0244,0.7331,20.1293,3.3264,23.9,0.6343,0.3461,9027,1.565,15.25,11.99,0.2965,3.3254,66.19,0.2138,0.2218,2.5545,41.62,34.71,26374.9,167.4,292082.5,1.2294,4517.9,238.48,371.1,1922,21.81,,,
 PCD1421,Redwares,Belize,Cayo,Tipu,Topoxté Red,1.442,8.667,0.104,7.7226,1.6667,0.8967,0.6787,19.2352,3.3649,23.817,0.6335,0.3388,8911.4,1.4775,14.51,12.93,0.3078,3.3226,56.97,0.2001,0.2237,2.509,38.76,39.85,25717.3,170.7,287166.4,1.3674,5032.1,233.22,436.1,1823.8,28.39,,,
 PCD1428,Redwares,Belize,Cayo,Tipu,Topoxté Red,1.678,9.7512,0.1225,8.4312,1.8772,0.6881,0.7713,19.0265,3.2176,21.809,0.3126,0.3815,8939.2,1.3684,17.15,9.39,0.3257,3.1133,50.82,0.2109,0.2649,2.422,41.05,35.64,26923,244.6,301424.8,1.5706,3273.4,279.56,448.4,1963.8,20.07,,,
 PCD1441,Redwares,Belize,Cayo,Tipu,Topoxté Red,1.8314,12.9569,0.1436,11.1203,2.4308,0.8659,1.0627,27.7689,4.5793,32.829,0.3204,0.4643,9596.8,2.0579,23.74,6.88,0.3722,3.5625,77.7,0.2212,0.2903,3.182,28.71,61.02,26254.4,241.4,318277.3,1.8332,3490.1,357.39,303,1851.8,25.66,,,
 PCD1448,Redwares,Belize,Cayo,Tipu,Topoxté Red,2.6536,8.594,0.0954,7.3473,1.623,0.9054,0.7348,16.827,4.2731,26.9794,0.2036,0.327,10854.4,1.661,21.01,5.61,0.2727,3.5325,55.28,0.2582,0.221,2.4952,54.04,43.28,29283.9,198.5,297460.9,1.2609,4012.6,360.68,268.2,1908.9,13.58,,,
 *PCD1450,Redwares,Belize,Cayo,Tipu,Topoxté Red,3.5134,8.588,0.0937,7.6578,1.6209,1.026,0.7232,17.0374,4.0356,29.0379,0.2263,0.3321,10611.8,1.5799,19.64,7.49,0.2801,3.6143,59.11,0.2297,0.2476,2.5065,36.87,39.66,29889.3,146.5,304234.5,1.3209,3286.9,272.74,258.5,1726.9,18.34,,,
 PCD1451,Redwares,Belize,Cayo,Tipu,Topoxté Red,2.5508,7.2285,0.121,6.4523,1.5238,1.1561,0.7817,14.1771,3.4223,26.4353,0.9789,0.3092,9853.1,1.4099,19.91,14.52,0.3953,3.5402,63.89,0.2211,0.2122,2.1285,24.16,31.92,26848.6,247.7,322410.9,1.1007,5931,256.39,899.1,1680.1,27.11,,,
 PCD1452,Redwares,Belize,Cayo,Tipu,Topoxté Red,3.209,7.967,0.1109,7.2637,1.535,0.8716,0.7038,16.695,3.8543,29.2083,0.1915,0.321,10326.5,1.6141,22.06,4.59,0.2972,3.5738,74.24,0.2253,0.2039,2.4068,36.78,42.4,33232.3,139.3,303446.5,0.9594,3873.3,264.58,247.8,1994.3,15.33,,,
 *PCD1453,Redwares,Belize,Cayo,Tipu,Topoxté Red,3.5528,8.1855,0.0898,6.5542,1.5506,0.8668,0.7058,16.704,4.2306,29.3687,0.2359,0.3125,10606.9,1.5916,0,5.89,0.316,3.6384,56.05,0.2262,0.2106,2.4164,41.87,33.78,34598.5,184.9,304730.3,1.325,4141.3,297.48,259.5,2157.2,20.68,,,
 PCD1461,Redwares,Belize,Cayo,Tipu,Topoxté Red,1.9768,6.9865,0.0915,6.5906,1.4257,0.8106,0.6617,14.238,3.2714,25.3061,0.502,0.2864,10042.5,1.4559,0,16.38,0.3869,3.5702,49.84,0.235,0.1915,2.1254,50.66,41.11,29184,157.1,304775.1,1.0939,6432,257.41,416.5,1837.6,21.03,,,
 PCD1465,Redwares,Belize,Cayo,Tipu,Topoxté Red,2.2841,7.5898,0.0981,8.2207,1.5259,1.0924,0.7041,18.8294,3.7394,24.0741,0.5138,0.3214,9720.4,1.5527,25.95,13.43,0.2822,3.474,78.24,0.21,0.2106,2.4373,45,37.87,27263.5,228.6,287511.4,1.3117,4603.8,308.06,546,1988.9,17.01,,,
 PCD1466,Redwares,Belize,Cayo,Tipu,Topoxté Red,1.63,7.6422,0.0848,6.1923,1.4876,0.9011,0.6431,17.0352,3.2879,23.7621,0.7223,0.3005,8987.2,1.516,20.93,14.7,0.3367,3.252,67.54,0.2007,0.186,2.2557,31.18,43.71,25737.4,294.1,308824.3,0.9322,5291.2,326.15,813.8,1705,27.7,,,
 *PCD1474,Redwares,Belize,Cayo,Tipu,Topoxté Red,2.5367,9.7312,0.1208,7.5662,1.9338,1.16,0.8613,19.8096,4.42,30.1852,0.3143,0.3844,11820.7,1.8447,17.8,7.26,0.4052,4.2785,57.2,0.2756,0.2666,3.0185,67.49,47.11,33352.1,319.5,262016.9,1.2376,7293.7,362.73,688.8,1960.8,22.86,,,
 PCD1475,Redwares,Belize,Cayo,Tipu,Topoxté Red,2.186,9.6825,0.1082,8.4986,1.8644,0.9109,0.8343,22.4468,4.7255,31.0764,1.1831,0.3873,11264.3,1.7895,21.13,13.23,0.3817,4.0862,49.81,0.254,0.2582,2.894,36.95,50.17,30591.9,317.7,302447.9,1.4697,6703.5,398.05,1509.6,2008.1,27.99,,,
 PCD1476,Redwares,Belize,Cayo,Tipu,Topoxté Red,3.0092,7.1258,0.1092,5.8588,1.4801,1.055,0.6708,14.2208,2.8871,26.7776,0.5944,0.2971,9596.5,1.5656,19.5,10.8,0.3766,3.5109,96.72,0.2253,0.2505,2.1131,33.16,35.78,27940.2,448,312205.6,1.147,6119.3,251.37,420.3,2009.6,21.59,,,
PCD1483,Redwares,Belize,Cayo,Tipu,Topoxté Red,1.9061,7.6995,0.0908,7.5292,1.5046,0.9334,0.6697,14.9906,2.935,21.3214,0.305,0.3121,8957.3,1.3182,12.88,8.91,0.3131,3.2093,42.59,0.1975,0.2103,2.1689,44.45,32.97,28220.1,306.6,303306.2,1.1032,7309.4,234.31,560,1978.7,17.04,,,
 PCD1484,Redwares,Belize,Cayo,Tipu,Topoxté Red,3.5275,9.5909,0.1216,8.9822,1.9204,1.0579,0.7999,19.276,4.8371,30.2355,0.5694,0.3909,11873.1,1.74,0,12.15,0.401,4.1899,86.53,0.255,0.2813,2.946,63.18,43.44,36508.8,376.3,274353.7,1.4722,6521.4,410.76,737.8,2195,24.07,,,
 PCD1490,Redwares,Belize,Cayo,Tipu,Topoxté Red,8.0176,25.8955,0.232,22.998,4.7532,1.4391,1.8339,65.5269,3.0988,54.9648,0.466,0.9123,16278.7,4.7138,0,5.84,0.4967,6.6395,139.71,0.6359,0.5701,6.7747,57.09,104.48,45954.2,198.1,223706.3,3.1847,4009.3,36.67,1199.5,2901.3,39.22,,,
 PCD1491,Redwares,Belize,Cayo,Tipu,Topoxté Red,2.928,8.6982,0.1312,7.5719,1.6937,1.288,0.7324,18.6384,3.914,21.9287,0.2566,0.3559,11150.5,1.6412,22.42,10.56,0.3397,3.9012,57.05,0.2543,0.2192,2.5704,40.83,42.59,31767.8,259.5,255231.8,1.2117,11007.1,361.55,269.2,2383.6,25.16,,,
 *PCD1495,Redwares,Belize,Cayo,Tipu,Topoxté Red,2.6485,14.5028,0.1734,14.6785,2.9012,1.1523,1.1593,31.6805,5.4545,35.0373,0.3422,0.5364,10428.5,2.2294,16.46,6.94,0.4902,3.8485,70.19,0.2384,0.3632,3.6845,31.04,52.42,24923.8,200.8,318292.8,1.9157,4238.6,416.75,290.4,1924.5,26.42,,,
 PCD1515,Redwares,Belize,Cayo,Tipu,Topoxté Red,2.6562,11.6728,0.1411,13.1364,2.3967,0.9142,0.9495,23.3927,4.5078,28.9451,0.2962,0.4371,10856.7,1.7748,17.13,4.63,0.3697,3.7504,83.1,0.2556,0.2896,3.079,30.35,49.17,30204.9,118.5,304564.1,1.7531,3377.3,351.2,529.9,1732,17.78,,,
 PCD1516,Redwares,Belize,Cayo,Tipu,Topoxté Red,2.6827,12.8454,0.1658,10.8295,2.5369,1.2615,1.0242,24.3337,4.8412,28.836,1.0613,0.4702,12194.7,1.9343,0,15.87,0.4401,4.2387,63.73,0.2754,0.3189,3.253,33.86,62.31,35556,115,284368.3,1.713,5429.3,476.44,1353.9,1586.7,34.07,,,
 PCD1517,Redwares,Belize,Cayo,Tipu,Topoxté Red,3.0072,18.275,0.21,17.7665,3.5724,1.138,1.3666,38.0342,8.7125,42.2267,0.6223,0.6615,14689.1,3.029,22.19,10.74,0.5303,5.0122,84.51,0.3507,0.3876,4.467,42.65,82.89,42937.5,265.1,269827,1.9574,4204.6,799.23,723.1,1826.8,30.53,,,
 PCD1519,Redwares,Belize,Cayo,Tipu,Topoxté Red,1.5917,12.4957,0.1643,11.7125,2.5456,1.1867,0.9724,24.1046,4.0588,29.6991,0.3294,0.4782,11449.5,1.877,0,10.92,0.3933,3.9675,77.72,0.258,0.2931,3.1106,31.69,44.89,31596.5,227.5,286760.8,1.4515,3801.7,461.97,589.6,1703,25.39,,,
 PCD1522,Redwares,Belize,Cayo,Tipu,Topoxté Red,1.9602,8.7603,0.1171,8.938,1.8673,0.8961,0.7254,17.9155,3.2807,23.8116,0.3846,0.3412,9539.7,1.4623,9.48,8.39,0.3547,3.3691,51.43,0.2227,0.2479,2.5008,31.17,52.49,26320.8,99.4,307855.1,1.5035,5279.5,260.68,416.1,1649.4,18.75,,,
 *PCD1524,Redwares,Belize,Cayo,Tipu,Topoxté Red,1.7762,8.8251,0.112,9.6668,1.8136,0.7418,0.7212,18.6617,3.2503,21.9452,0.3,0.3448,8120.8,1.431,21.65,5.03,0.2838,2.9824,53.92,0.1747,0.2124,2.3811,26.81,38.78,21447.9,90.9,330990.7,1.1832,2403.6,272.91,269.8,1203.7,12.98,,,
 PCD1526,Redwares,Belize,Cayo,Tipu,Topoxté Red,2.1917,8.2715,0.1193,7.0459,1.693,0.9202,0.6932,16.8058,3.8119,31.4671,0.4582,0.3162,10342.5,1.6251,16.98,10.57,0.355,3.4242,58.53,0.22,0.172,2.4201,50.29,35.94,25872.5,223.4,304997.1,1.0269,4889.3,243.26,206.9,1363.4,14.85,,,
 PCD1538,Redwares,Belize,Cayo,Tipu,Topoxté Red,1.4135,10.4358,0.1305,8.8892,2.2236,0.925,0.8745,23.9775,4.764,23.1827,0.8028,0.4305,9728.9,1.6308,12.77,11.01,0.3674,3.5309,61.36,0.2278,0.2532,2.8479,32.53,48.12,26164.2,213,305820.2,1.6919,2453.9,370.29,372.6,1670.2,29.85,,,
 PCD1542,Redwares,Belize,Cayo,Tipu,Topoxté Red,1.91,10.6714,0.1471,10.0797,2.1066,1.3906,1.0098,21.1508,6.126,30.423,0.6817,0.4266,13193.7,2.0502,22.89,17.43,0.3926,4.585,70.16,0.2842,0.2822,3.1073,54.42,62.04,35693.5,227.5,245696,1.6534,8413,1173.34,733.4,2126.2,35.67,,,
 *PCD1543,Redwares,Belize,Cayo,Tipu,Topoxté Red,1.9591,7.2114,0.0996,7.7018,1.4973,1.0112,0.6869,15.71,3.9424,20.041,0.824,0.2897,9547.9,1.4408,24.96,13.37,0.4105,3.4167,71.36,0.221,0.1841,2.0906,25.42,40.6,27872.2,226.6,312748.4,1.028,4110.9,302.9,861.8,2006.2,28.55,,,
 PCD1546,Redwares,Belize,Cayo,Tipu,Topoxté Red,2.0487,7.4132,0.1053,7.7052,1.4829,0.9582,0.6852,15.5499,3.1167,28.5777,0.5673,0.2889,10116.5,1.5808,32.28,14.59,0.5434,3.4709,43.36,0.2284,0.1751,2.2214,34.15,64.8,27633.4,278.8,311770.2,1.4718,7733.6,211.19,582.9,1838.8,30.3,,,
 PCD1548,Redwares,Belize,Cayo,Tipu,Topoxté Red,1.2684,7.617,0.113,7.4456,1.5519,0.9493,0.8678,17.3387,3.2889,21.764,0.4208,0.3047,9198.6,1.6927,0,11.59,0.4271,3.3844,68.42,0.228,0.1741,2.5487,38.47,48.19,26476.6,258.4,304268.5,1.3122,7675.7,293.68,583.3,1746.9,19.88,,,
 PCD1549,Redwares,Belize,Cayo,Tipu,Topoxté Red,1.6538,7.8221,0.16,8.8669,1.7484,1.9901,0.879,17.1478,4.0957,27.269,0.4351,0.352,10821.8,1.7744,0,11.8,0.5982,4.3407,60.02,0.2255,0.2113,2.9252,39.74,49.38,35016.8,149.2,280367.6,1.1142,7203,396.1,298.9,1887.7,28.89,,,
 PCD1558,Redwares,Belize,Cayo,Tipu,Topoxté Red,1.8366,7.7606,0.1209,8.1347,1.5286,0.9716,0.7035,14.2581,2.949,22.496,0.3959,0.2973,8262.1,1.3203,0,8.57,0.3245,2.9636,64.47,0.1874,0.2037,1.9918,27.85,38.62,24999.5,209.7,317262.1,1.1687,5153.9,232.37,481.3,1715.1,23.2,,,
 PCD1559,Redwares,Belize,Cayo,Tipu,Topoxté Red,1.9137,10.6088,0.1206,8.9968,1.9744,1.0871,0.8723,20.8747,5.1923,25.199,1.1843,0.3882,11776.4,1.7482,0,16.56,0.3849,4.0497,40.09,0.2629,0.2146,2.7602,50.42,57.78,34371.2,223.4,300481.1,1.5861,7684.9,692.63,1737,2215.5,23.26,,,
 PCD1569,Redwares,Belize,Cayo,Tipu,Topoxté Red,2.8085,11.1809,0.137,12.138,2.1042,0.9273,0.9315,22.391,8.2785,28.435,0.2197,0.4134,14634,2.1278,31.7,10.03,0.5366,4.7216,47.13,0.3136,0.2144,3.1131,64.08,66.7,39311.8,91.2,244800.5,1.1877,4578.6,1254.99,259.6,1368,19.79,,,
 PCD1576,Redwares,Belize,Cayo,Tipu,Topoxté Red,2.5862,9.5958,0.1432,9.4446,1.886,0.9097,0.8184,20.2536,4.1783,24.765,0.7243,0.3663,9078.6,1.5266,14.55,9.7,0.316,3.2883,82.91,0.223,0.2373,2.4862,30.71,45.74,27255,184.1,316670.3,1.509,5079.7,440.35,609.9,1618.7,29.48,,,
 PCD1589,Redwares,Belize,Cayo,Tipu,Topoxté Red,2.3198,9.5533,0.118,10.4428,1.9507,1.0454,0.8266,20.4594,4.2802,26.462,0.2544,0.3904,10020.7,1.5583,18.22,9.58,0.389,3.5714,73.25,0.2127,0.2259,2.6862,62.91,46.23,24737.1,116,289718.3,1.3385,6532.1,542.58,616.3,1942.2,35.12,,,
 PCD1590,Redwares,Belize,Cayo,Tipu,Topoxté Red,2.6217,9.3364,0.1175,8.4105,1.8794,1.2776,0.8264,20.9343,4.733,25.733,0.5194,0.3773,11611.7,1.7233,16.36,13.51,0.4291,4.0095,59.34,0.2431,0.2613,2.7498,48.89,41.09,33638,232.8,277241.7,1.3231,7115.1,433.95,295.2,2016.6,30.7,,,
*PCD1397,Redwares,Belize,Cayo,Tipu,Pastel Polychrome,1.7467,8.8359,0.1068,7.8232,1.6823,0.7141,0.7343,17.1644,3.5246,28.753,0.3852,0.3363,10356.8,1.6221,13,9.36,0.3681,3.583,54.9,0.2432,0.2488,2.519,32.25,42.65,29968.7,315.4,298685.2,1.1313,6946.6,209.43,513.4,1727.9,26.77,,,
 PCD1447,Redwares,Belize,Cayo,Tipu,Pastel Polychrome,2.8527,7.5534,0.0867,6.629,1.4399,0.9277,0.6458,14.846,3.9444,28.9705,0.1265,0.3021,10005.9,1.4845,0,3.3,0.248,3.4535,54.78,0.2086,0.1783,2.1531,36.22,33.19,25709.2,139.8,294751.8,1.1146,2671.9,250.68,140.4,1718.7,14.47,,,
 PCD1485,Redwares,Belize,Cayo,Tipu,Pastel Polychrome,2.8286,7.4595,0.1097,6.283,1.479,1.0165,0.6456,18.5988,3.7097,19.9284,0.195,0.3177,9167.9,1.5873,27.7,7.75,0.3156,3.3435,93.41,0.2061,0.2237,2.4333,52.95,37.26,27040.6,303.7,301768.2,1.0045,5711.1,454.4,324.6,1397.6,24.74,,,
 *PCD1527,Redwares,Belize,Cayo,Tipu,Pastel Polychrome,3.522,13.03,0.1554,13.6359,2.6711,1.1398,1.2057,29.3139,4.8305,34.3655,0.4732,0.4725,9894.1,2.1545,12.84,6.5,0.3745,3.5301,68.55,0.2197,0.3408,3.3772,29.27,61.87,25522.4,258.7,320858.9,1.8861,2356.2,378.96,288.3,1943.2,28.93,,,
 *PCD1574,Redwares,Belize,Cayo,Tipu,Pastel Polychrome,2.5973,9.8646,0.1242,9.3703,1.8905,1.3053,0.9004,21.512,5.8514,30.543,0.5733,0.3804,12945.3,2.0314,25.89,9.55,0.3332,4.282,56.04,0.2663,0.248,2.893,44.99,57.88,35326.1,138,257728.4,1.189,4878.1,490.29,183.5,1907.8,39.82,,,
 PCD1577,Redwares,Belize,Cayo,Tipu,Pastel Polychrome,2.8369,10.3513,0.1205,10.1479,2.0941,1.3575,0.8698,22.1534,4.6715,29.271,0.2925,0.4005,10768.3,1.7327,12.45,7.06,0.3777,3.7437,67.9,0.2554,0.2515,2.7577,54.33,58.47,31473.7,87.5,284019.4,1.4562,2985,366.72,266.1,1869,20.27,,,
 *PCD1580,Redwares,Belize,Cayo,Tipu,Pastel Polychrome,2.3612,8.3207,0.1021,7.8873,1.674,1.1114,0.7325,15.2388,5.5382,24.916,0.329,0.3156,9730.8,1.3825,18.89,9.21,0.3945,3.2599,46.72,0.206,0.2235,2.1282,54.66,42.7,26076.4,218.5,306769,1.2785,4764.7,718.44,540.8,1614.8,20.22,,,
 PCD1586,Redwares,Belize,Cayo,Tipu,Pastel Polychrome,2.3262,8.5321,0.1192,9.4916,1.7384,1.1121,0.782,18.6957,4.3854,29.533,0.3763,0.339,11131.8,1.7629,25.85,8.75,0.3839,3.9255,59.67,0.2405,0.2237,2.5403,79.23,41.55,28949.5,100.4,278336.6,1.2331,4155.8,361.57,481.3,1595.4,31.95,,,
 *PCD1591 ,Redwares,Belize,Cayo,Tipu,Pastel Polychrome,1.6998,9.286,0.1223,10.0972,1.7991,1.1538,0.7883,18.6535,3.5291,25.362,0.2941,0.3469,10095.8,1.702,23.71,7.67,0.3212,3.4595,84.74,0.2237,0.2136,2.4664,44.24,58.76,27778.6,119.1,290078.8,1.4724,6384.4,218.7,806.3,1940.1,21.95,,,
*PCD1523,Redwares,Belize,Cayo,Tipu,Chompoxté Red-on-paste: Akalché Variety,2.9332,8.6368,0.1172,9.0288,1.8368,0.8561,0.7024,19.684,3.787,17.8625,0.2535,0.3467,9299.9,1.4919,0,7.01,0.2977,3.195,52.2,0.2008,0.2215,2.5536,35.25,33.68,26322.7,109.2,306004.1,1.29,4306.2,269.42,229.6,1337.7,18.24,,,
PCD1555,Redwares,Belize,Cayo,Tipu,Chompoxté Red-on-paste: Akalché Variety,1.2329,7.1123,0.0996,7.9586,1.4464,0.8353,0.6961,15.2596,2.2532,18.958,0.3069,0.2827,8103.8,1.373,17.32,9.97,0.3766,2.9749,58.31,0.1947,0.1843,2.1354,38.35,40.26,24321.7,205.8,306919.8,1.2751,5175.1,229.79,198,1603.5,23.54,,,
*PCD1587,Redwares,Belize,Cayo,Tipu,Chompoxté Red-on-paste: Akalché Variety,1.9823,9.5483,0.1337,10.0684,1.827,1.0633,0.7961,19.2094,4.0469,26.279,0.5348,0.3525,11455.8,1.8432,22.57,11.22,0.3426,3.7661,87.76,0.2537,0.2307,2.7097,55.73,53.34,31257.3,185.7,274279.8,1.5882,5968.8,403.14,548.6,1751.4,20.43,,,
*PCD1449,Redwares,Belize,Cayo,Tipu,Chompoxté Red-on-paste: Chompoxté Variety,2.3284,10.7089,0.1099,8.9479,1.9528,1.095,0.8274,20.7071,3.9633,28.3796,0.399,0.4068,11689,1.8708,0,8.41,0.406,4.0244,66.63,0.2579,0.2431,2.9111,34.15,34.66,31649.7,169,290873.9,1.4761,5785.4,287.79,498.6,1664.9,26.21,,,
PCD1454,Redwares,Belize,Cayo,Tipu,Chompoxté Red-on-paste: Chompoxté Variety,2.9919,10.1284,0.114,8.2496,1.9257,1.0313,0.8963,21.5451,4.8112,29.0523,0.2913,0.4079,11963.9,1.8406,27.56,4.66,0.3769,4.1062,47.63,0.2625,0.2716,2.8815,30.77,59.66,33930.1,84.9,297137.8,1.2825,3892.2,550.89,442.5,1662.1,25.33,,,
PCD1528,Redwares,Belize,Cayo,Tipu,Canté Polychrome,2.4264,11.3418,0.1444,12.1413,2.3023,1.0804,0.9164,28.7572,5.0556,29.1947,0.3532,0.4206,10852.2,1.993,18.48,4.42,0.3979,3.9737,87.21,0.233,0.3163,3.3837,50.98,55.79,29449,79.9,303855.3,1.3496,3466.6,414.29,217.4,1898.6,19.71,,,
PCD1426,Redwares,Belize,Cayo,Tipu,Iglesias (17th Century),4.8529,24.7191,0.3904,22.3854,4.5862,2.1167,2.8982,49.0115,3.4902,58.848,2.9306,0.7994,22632.4,9.4613,17.01,24.51,1.0626,9.3078,0,1.2586,0.7134,11.3354,48.26,206.23,69160.3,443.6,60836.5,4.2441,4151.3,101.1,836.6,5185.2,48.36,,,
*PCD1413,Redwares,Belize,Cayo,Tipu,Mayapan Red,5.3167,31.7733,0.3518,28.5652,5.767,1.3907,2.8569,70.4405,4.1246,80.506,0.3343,1.1339,20370.8,6.091,30.95,9.2,0.6101,7.9064,147.7,0.8656,0.7437,8.444,104.15,152.36,58403.4,344.6,173029.8,4.7011,5237.4,549.07,866.6,3803.9,38.4,,,
PCD1403,Redwares,Belize,Cayo,Tipu,Payil Red,4.8305,32.6393,0.381,29.381,5.9415,1.5145,2.7464,80.3657,6.8869,83.737,0.9244,1.149,26008.8,7.5166,0,11.32,0.753,9.9024,219.08,0.963,0.7995,11.1039,59.54,163.33,69007.6,361,161312.4,4.6367,5615.1,256.93,1745.3,4001.9,48.25,,,
PCD1416,Redwares,Belize,Cayo,Tipu,Payil Red,2.539,44.5024,0.2848,41.8499,8.134,0.8412,2.3501,103.4448,2.5618,66.153,0.4498,1.5671,17161.1,4.9459,0,4.17,0.4786,6.7021,129.34,0.677,0.9423,6.8554,49.86,135.92,47884.4,249.9,212662.3,4.8464,3896.7,72.2,1008.7,2828.9,39.3,,,
PCD1473,Redwares,Belize,Cayo,Tipu,Payil Red,4.1625,62.3158,0.3272,54.0114,11.0944,1.0056,2.9324,130.3667,2.4402,62.0359,0.3935,2.2045,17773.1,4.7672,41.87,4.5,0.4908,6.6344,109.34,0.6019,1.438,6.4408,64.17,151.45,48665.8,279.8,205338.4,6.89,1615,47.99,763.4,3228.8,36.93,,,
PCD1404,Redwares,Belize,Cayo,Tipu,Palmul Incised,6.1808,55.6061,0.4903,50.9899,10.1991,1.8415,3.9609,143.981,7.836,114.87,0.992,1.9873,32976.1,11.1451,25.47,14.45,0.9751,12.0305,115.52,1.3549,1.2685,15.3514,70.03,251.38,81678.4,354.7,108614.7,7.2533,5693.6,345.52,1977,5143.7,62.33,,,
PCD1477,Incensarios,Belize,Cayo,Tipu,Kulut Modeled,6.026,28.6936,0.4396,24.5069,4.9872,2.6737,3.0362,61.8561,4.9393,64.0955,4.0674,0.8867,28363.3,8.7455,45.97,44.99,1.0992,13.2178,0,1.341,0.8132,12.4895,70.82,190.85,77636,356.2,71694.5,4.6937,8399.2,260.49,942.5,5224.7,65.87,,,
*PCD1393,Incensarios,Belize,Cayo,Tipu,Gotas Composite,25.2037,23.6342,0.3433,21.1471,4.5265,1.7184,2.6298,70.3747,18.5576,41.389,3.827,0.8,29179,5.1286,0,70.94,2.394,9.6347,67.2,1.0606,0.6409,12.0037,70.44,123.34,62926.3,236.6,162597.8,3.2334,8388.7,1613.93,854,2694.2,79.73,,,
*PCD1566,Incensarios,Belize,Cayo,Tipu,Gotas Composite,8.6687,21.841,0.4089,23.3131,5.4337,2.4443,3.0254,67.8017,11.3503,49.518,4.6151,0.9426,29311.1,3.9453,0,75.05,1.2834,11.3773,48.47,0.896,0.7114,9.8903,64.29,118.1,91878.7,174.9,188938.8,4.6019,10808.2,269.08,620.9,3521.7,72.38,,,
PCD1582,Incensarios,Belize,Cayo,Tipu,Idolos Modeled,1.4142,9.2689,0.1066,9.044,1.8397,0.9694,0.9081,20.8942,4.2755,20.783,1.1124,0.3434,9473.5,1.5937,17.08,16.42,0.3572,3.4074,56.33,0.2138,0.229,2.4924,60.11,53.57,24830.9,175.6,315703.4,1.2073,4664.8,384.83,946.5,2038.1,23.32,,,
PCD1394,Incensarios,Belize,Cayo,Tipu,Patojo Modeled,7.6128,20.6212,0.2999,21.5053,4.3198,2.0197,2.3899,49.6999,8.2962,43.443,4.6136,0.762,27860.4,3.9743,0,84.64,1.1695,10.1614,75.88,0.9518,0.6221,9.6897,44.91,89.98,54662,248.4,204183.5,3.7597,11799.9,395.02,520,3398.6,65.72,,,
 PCD1411,Incensarios,Belize,Cayo,Tipu,Patojo Modeled,11.9748,8.6966,0.2096,6.624,2.0673,1.3982,1.5668,24.7206,5.6776,35.76,6.2109,0.367,20654.6,2.5683,0,56.49,0.9231,7.9903,97.15,0.5757,0.3121,7.2004,37.65,51.44,44148.4,158.9,241645.5,2.1369,4661.1,204.66,200.7,2647.6,59.9,,,
 PCD1422,Incensarios,Belize,Cayo,Tipu,Patojo Modeled,4.1866,55.2835,0.5545,51.7681,10.2146,2.7292,4.3021,112.8605,8.2979,69.181,3.9175,1.798,22174,9.2757,38.32,63.3,0.9647,12.1053,50.96,1.7994,1.4385,12.5951,101.86,207.95,69658.8,536.7,72702.5,6.8894,11554.8,243.17,1437,7099.9,83.97,,,
 PCD1429,Incensarios,Belize,Cayo,Tipu,Patojo Modeled,6.4592,28.998,0.3165,27.3775,5.9501,1.26,2.4101,45.3593,7.1962,48.973,4.3059,1.1279,24222.6,2.9759,0,67.82,0.7479,9.6712,67.57,0.604,0.887,7.273,62.3,90.21,57522.9,426.4,217400.3,4.8786,9387.6,355.01,616.1,2845.8,71.47,,,
 PCD1438,Incensarios,Belize,Cayo,Tipu,Patojo Modeled,2.5428,18.5041,0.2354,15.5975,3.2972,1.4288,1.9286,39.323,6.746,34.635,3.0751,0.5609,15975.7,4.1282,0,61.42,0.7069,8.3162,56.62,0.9258,0.4376,9.2043,72.9,78.22,54351.1,339.6,206585.7,2.5222,10395.8,492.4,799.2,3618.6,47.61,,,
 PCD1446,Incensarios,Belize,Cayo,Tipu,Patojo Modeled,6.2459,32.4622,0.4663,31.4229,6.581,2.369,3.3467,63.3589,4.3136,76.4974,2.9343,1.2131,31685.9,7.2982,39.51,19.32,1.442,14.1138,71.77,1.4545,0.9781,14.1491,99.08,168.36,103183.2,585.9,24697.7,5.6213,5332.1,131.64,810.6,5588,62.44,,,
 PCD1488,Incensarios,Belize,Cayo,Tipu,Patojo Modeled,7.9295,7.3996,0.164,7.67,1.6377,1.2925,0.9408,22.2013,6.7187,35.6628,0.7029,0.3195,24666,3.7663,0,9.88,0.9418,8.6568,54.04,0.4738,0.2253,5.8685,38.16,71.62,51135.1,241.1,210004.9,1.4529,4976.7,218.2,320.6,3370.7,73.86,,,
 *PCD1489,Incensarios,Belize,Cayo,Tipu,Patojo Modeled,7.4315,19.6465,0.2862,16.7937,3.8196,1.9888,2.1862,43.6362,7.0545,45.4819,3.6933,0.69,23719,3.6174,0,66.5,0.9773,9.6092,72.63,0.8743,0.6258,8.9481,48.64,73.21,53123.4,381.7,199040,3.3729,11358.7,211.37,769.4,3372.5,63.09,,,
 *PCD1498,Incensarios,Belize,Cayo,Tipu,Patojo Modeled,6.9947,26.3084,0.4394,26.3104,6.0786,2.6353,2.9484,57.336,9.9296,36.0727,0.382,1.289,24404.3,4.4429,28.53,6.98,0.827,9.231,85.65,0.5714,0.7775,7.9609,60.23,109.63,61986.8,446.3,230154.7,4.3821,5419.3,275.2,608.1,3442.8,75.13,,,
 *PCD1520,Incensarios,Belize,Cayo,Tipu,Patojo Modeled,6.0243,25.9324,0.4731,32.9828,7.1893,1.1778,3.3619,69.681,8.1791,40.9612,3.0884,1.2879,25972.4,3.3423,26.95,61.52,1.0434,8.9643,73.72,0.7455,1.0042,8.1182,51.67,100.16,50912,248.9,222684.2,5.8147,7716.6,441.23,518.4,2484.4,56.75,,,
 PCD1521,Incensarios,Belize,Cayo,Tipu,Patojo Modeled,7.9607,19.8851,0.3013,17.4962,3.9961,2.0141,2.1057,40.7805,6.0691,47.0545,3.4609,0.6887,25527.6,4.1997,0,70.32,0.955,10.5975,67.41,0.9564,0.5087,9.8378,51.49,98.1,59107.1,390.9,196604.2,3.1033,9136,310.73,589.6,3475.8,70.74,,,
 *PCD1536,Incensarios,Belize,Cayo,Tipu,Patojo Modeled,4.0234,20.2988,0.277,15.3784,4.0483,1.1563,2.0002,46.1636,4.8588,49.6266,4.2402,0.6403,20501.8,3.1824,0,64.18,0.7154,9.6985,37.96,0.9119,0.5149,12.268,45.36,60.24,54608.6,255.4,221330.8,3.0799,5638.5,242.28,513.5,3026.1,52.96,,,
 PCD1537,Incensarios,Belize,Cayo,Tipu,Patojo Modeled,6.9714,24.166,0.4051,23.84,5.7954,2.4059,3.1197,63.0798,9.9064,59.5743,4.8478,1.0109,32924.5,4.3148,17.65,91.34,1.5417,12.692,63.7,1.0676,0.7042,11.6917,51.95,110.36,74895.4,432.3,160197.7,4.9268,14453.9,296.9,950.3,3750.6,91.41,,,
 *PCD1539,Incensarios,Belize,Cayo,Tipu,Patojo Modeled,6.4069,16.629,0.3323,15.6309,3.8496,1.7833,2.3116,62.8246,9.6221,47.4938,4.6503,0.6575,23433.5,3.8369,0,85.12,0.9902,10.6212,49.87,1.0551,0.6693,10.7859,46.43,90.89,56496,272.9,205857.1,3.2958,10768.2,223.69,498.7,3250.1,62.94,,,
 *PCD1561,Incensarios,Belize,Cayo,Tipu,Patojo Modeled,6.9952,25.2433,0.4392,26.1394,5.7709,2.1338,3.1049,69.3455,11.6761,59.936,5.2699,1.0519,34213.3,4.5338,27.94,92.08,1.5776,13.0411,72.64,1.0599,0.8009,11.6293,56.91,105.25,73914.1,342.7,155395.7,4.716,18651.3,240.14,1227.3,4145.9,87.62,,,
 PCD1571,Incensarios,Belize,Cayo,Tipu,Patojo Modeled,9.3811,30.5669,0.4382,29.7741,6.1107,1.1195,3.322,98.314,15.2954,63.118,4.7149,1.0748,32602.8,4.5405,0,83.11,1.2225,12.5022,53.95,1.1659,0.8403,12.3546,67.74,128.18,70527.5,350.5,143682.9,4.8936,13290.2,999.48,964.5,3140,74.08,,,
 PCD1573,Incensarios,Belize,Cayo,Tipu,Patojo Modeled,2.6175,24.8138,0.3084,23.4127,4.3463,1.4039,2.37,80.8628,7.6263,38.121,4.0502,0.773,15877.2,4.0436,0,71,0.8342,8.6916,69.08,0.949,0.6019,9.6985,85.77,116.66,53212,278.4,201436.9,3.209,10818.9,584.88,1010.5,3185.1,41.81,,,
 *PCD1575,Incensarios,Belize,Cayo,Tipu,Patojo Modeled,2.3209,20.5888,0.272,18.0054,3.747,1.5992,2.0879,45.8687,4.4282,38.182,3.9926,0.611,13887.7,3.8588,0,75.15,0.6689,8.3381,60.27,0.9507,0.4831,9.5858,78.55,99.67,55310.4,275.1,203776.6,3.1441,11754.6,166.31,1322.2,3079.2,46.17,,,
 PCD1578,Incensarios,Belize,Cayo,Tipu,Patojo Modeled,7.9244,16.7269,0.3187,16.9892,3.3852,2.0831,1.923,33.6565,4.0661,41.422,3.2908,0.5811,24770.7,3.8638,0,60.4,0.9773,10.2433,86.39,0.8263,0.5724,8.7415,45.09,122.85,53727.4,385.2,211975.8,3.0007,10202.8,132.48,559.3,3210.7,68.65,,,
 PCD1581 ,Incensarios,Belize,Cayo,Tipu,Patojo Modeled,6.0815,19.7463,0.3327,21.3399,4.7435,1.4033,2.5984,50.1721,5.9426,37.748,2.3475,0.857,19769.3,3.144,29.24,43.47,0.7137,8.2179,97.64,0.6835,0.6601,7.1622,60.52,81.1,46802.3,305.6,236099.6,3.8214,10161.9,260.65,680.1,2726.5,47.87,,,
PCD1409,Incensarios,Belize,Cayo,Tipu,La Justa Composite,4.2603,17.9221,0.2583,15.5961,3.582,1.3368,1.8813,38.3244,3.6128,47.177,4.8385,0.5867,19711.6,2.8791,0,68.89,1.0116,10.236,60.05,0.9097,0.4984,12.0617,47.87,54.03,56853.2,197,212747.1,3.2953,6732.3,71.74,601.3,3124.3,51.94,,,
 PCD1410,Incensarios,Belize,Cayo,Tipu,La Justa Composite,6.6152,14.686,0.1939,14.1985,2.7889,1.1472,1.4235,31.1303,2.7122,39.013,4.0252,0.4698,22005.1,2.6344,0,62.84,1.0219,7.9289,264.19,0.627,0.3522,6.8799,23.26,59.77,43614.1,213.1,215045.8,2.0833,6108.5,40.58,547.6,2368.4,49.06,,,
 PCD1417,Incensarios,Belize,Cayo,Tipu,La Justa Composite,4.4846,30.7576,0.426,28.6593,6.4307,1.6427,3.2076,75.7609,7.5436,73.776,6.7612,1.0614,27646.7,4.4398,0,104.03,1.1757,15.7274,55.25,1.382,0.8602,16.5475,85.26,81.85,91568.9,467.9,107533.5,5.6107,13447.1,94.66,897,4201,85.12,,,
 *PCD1427,Incensarios,Belize,Cayo,Tipu,La Justa Composite,2.1959,16.5225,0.227,14.4595,2.8586,1.3596,1.7307,31.9795,5.6167,35.384,2.9139,0.5102,15753.3,4.0085,0,55.69,0.6891,7.8527,79.72,0.8857,0.4457,8.2891,57.14,97.74,51854,290.3,200799.4,3.1328,8143,357.85,885.5,3205.7,45.12,,,
 PCD1435,Incensarios,Belize,Cayo,Tipu,La Justa Composite,23.9365,33.4217,0.5278,31.021,6.7411,2.8313,4.0549,108.5525,6.4771,40.377,4.1709,0.8717,32297.9,9.3234,51.99,83.85,6.1948,13.3316,65.65,1.7027,0.9723,21.821,120.47,177.07,122857.3,997.8,23279.6,5.9627,18275.6,458.46,3178.5,4258.2,123.72,,,
 *PCD1442,Incensarios,Belize,Cayo,Tipu,La Justa Composite,9.8619,17.5331,0.3661,18.2387,4.535,0.9948,2.9613,52.8165,5.9747,41.4763,0.4632,0.9676,23501.9,3.7388,34.43,7.07,0.8924,10.4244,72.01,0.5205,0.6652,5.5515,52.59,85.05,62418.3,206.3,223956.3,3.8576,2457.5,227.16,231.2,3108.6,73.91,,,
 *PCD1459,Incensarios,Belize,Cayo,Tipu,La Justa Composite,1.8374,23.3681,0.292,18.9842,4.6794,1.6624,2.2001,52.8994,8.1811,24.2753,0.7715,0.953,19547.1,4.6301,0,18.01,0.7806,7.0102,61.78,0.4324,0.6867,6.0891,82.09,127.63,52069.1,202.4,203347.9,3.5622,7200.6,466.32,1257.8,2916.2,39.54,,,
 PCD1481,Incensarios,Belize,Cayo,Tipu,La Justa Composite,3.1075,18.8815,0.2426,16.3806,3.7685,1.1028,1.8898,44.3497,5.5425,33.3613,2.5383,0.6441,16059.5,3.8436,0,48.78,0.563,7.5102,50.46,0.7997,0.5909,7.7163,53.22,97.78,47054,280.2,205061.7,2.6902,8022.3,518.44,606.8,3379.7,48,,,
 PCD1547,Incensarios,Belize,Cayo,Tipu,La Justa Composite,2.3853,27.5541,0.3826,22.2247,4.6769,2.1439,2.7933,70.0789,6.1837,45.078,4.3801,0.8073,18260.5,5.0616,0,85.65,0.8958,10.2987,50.39,1.1408,0.7316,11.8834,92.61,130.05,72967.8,469.9,132749,4.75,17085.9,285.1,2212.2,4117.8,56.14,,,
 PCD1579 ,Incensarios,Belize,Cayo,Tipu,La Justa Composite,6.6263,18.7077,0.3081,20.1533,4.2047,1.8257,2.3182,56.0834,8.0045,40.867,3.2582,0.7259,23521.6,3.5902,23.14,59.19,0.9105,9.3941,61,0.8015,0.524,8.4804,44.87,93.25,50288,250.7,206674.1,3.2725,9046,192.66,451.2,2679.4,62.49,,,
*PCD1395,Incensarios,Belize,Cayo,Tipu,Extranjeros Impressed,2.592,15.1295,0.1887,14.4461,2.8072,0.9419,1.5786,35.021,4.8144,30.005,2.4516,0.4834,12649.7,3.0795,0,47.13,0.6049,6.4988,55.75,0.7167,0.4027,7.1871,52.25,68.82,42730.8,221.3,244874.6,2.3984,7895.8,334.38,828.1,2981.2,36.09,,,
 PCD1439,Incensarios,Belize,Cayo,Tipu,Extranjeros Impressed,4.3638,24.6432,0.2966,21.1976,4.6188,1.5598,2.2953,54.0356,7.948,46.307,1.7035,0.8865,20208.4,4.3672,0,10.12,0.6864,7.5031,74.59,0.5163,0.632,7.1422,58.11,109.26,60071.3,212.3,219418.8,3.4563,2597.6,608.73,709,2497.5,44.69,,,
 *PCD1472,Incensarios,Belize,Cayo,Tipu,Extranjeros Impressed,3.9629,17.7162,0.2472,13.3664,3.1149,1.3081,1.8581,40.9585,6.7337,33.5871,3.3464,0.5578,13073.4,3.7362,0,59.49,0.6581,7.5952,69.48,0.8452,0.5344,8.4308,50.74,103.01,46593.8,233.1,212088.3,2.8203,9243.6,374.98,715.3,3127,40.26,,,
 *PCD1486,Incensarios,Belize,Cayo,Tipu,Extranjeros Impressed,3.0157,17.1023,0.1932,14.4913,3.2137,1.2803,1.5936,36.5178,5.2133,34.7147,0.9421,0.6469,14307.9,3.0065,23.76,7.16,0.4768,5.3206,90.64,0.3331,0.4665,4.8663,34.82,76.95,41048.6,97.7,259794.6,2.3907,3135.3,356.84,428.8,1839,35.23,,,
 PCD1487,Incensarios,Belize,Cayo,Tipu,Extranjeros Impressed,3.8611,13.8433,0.1769,13.5234,2.7121,1.3726,1.3118,26.501,4.0239,29.1955,1.1018,0.5416,14314.1,2.4904,0,8.73,0.4157,5.2248,184.79,0.3415,0.355,4.456,37.56,62.41,42858.9,212.9,270386.8,2.3072,2114.5,270.44,396.4,2046.7,32.76,,,
 PCD1500,Incensarios,Belize,Cayo,Tipu,Extranjeros Impressed,10.6706,23.2075,0.3921,18.5718,4.6989,2.5034,2.8949,47.7474,10.0584,55.3827,4.7683,0.8362,31833.6,5.0366,0,92.67,1.4731,13.4449,0,1.1605,0.644,12.5034,63.37,130.96,73057.6,358.3,139417.4,3.7167,15935.5,485.34,985.1,4168.1,85.44,,,
 PCD1544,Incensarios,Belize,Cayo,Tipu,Extranjeros Impressed,2.5665,17.4028,0.2395,15.3251,3.1257,1.2144,1.7615,34.2885,4.1721,29.892,2.6121,0.5158,11855.8,3.0755,0,49.01,0.5512,6.3622,102.98,0.7082,0.4143,6.9065,54.3,79.36,40006,263.8,251541.8,2.725,7185.3,396.12,726.2,2643.1,31.28,,,
 *PCD1560,Incensarios,Belize,Cayo,Tipu,Extranjeros Impressed,3.7264,20.2765,0.2766,18.8767,3.7566,1.5468,2.0989,43.103,8.2642,33.399,3.6244,0.6436,18944.9,4.4849,0,58.7,0.769,8.204,56.06,0.8786,0.4756,9.5222,68.88,114.15,57871.2,293.7,188793.1,2.5935,10369.5,907.69,1416.8,2726,44.44,,,
PCD1464,Incensarios,Belize,Cayo,Tipu,Chilo Unslipped,18.9275,12.8533,0.345,11.7395,3.2048,2.8878,2.3628,48.0828,10.4987,49.5613,6.2468,0.5855,35072.9,3.9144,37.67,54.98,1.4035,12.7149,70.39,0.8073,0.5814,11.0412,71.51,95,72400.9,272.3,170348.7,3.3228,9015.2,369.01,454.4,3912.9,99.04,,,
PCD1467,Incensarios,Belize,Cayo,Tipu,Chilo Unslipped,7.4853,18.9066,0.3596,19.8998,5.1371,1.9135,2.7454,47.2724,8.5458,46.2695,4.4045,0.9229,26791.6,2.9815,0,77.69,1.2882,10.8144,40.91,0.7247,0.7962,8.6482,62.52,98.54,59938.9,350.4,195902.5,4.3535,12249.9,148.17,626.8,3384,82.77,,,
PCD1468,Incensarios,Belize,Cayo,Tipu,Miscellaneous Censers,5.263,37.9267,0.337,32.1638,7.0606,1.0613,2.8331,100.5124,4.3276,76.9799,0.5306,1.4001,22644.1,6.4556,0,8.97,0.659,8.9505,137.3,0.8847,0.9611,10.6745,74.57,167.95,61202.8,280,167106.5,4.7348,6197,126.07,1265.1,4137.7,42.8,,,
 *PCD1512,Incensarios,Belize,Cayo,Tipu,Miscellaneous Censers,8.0419,16.1865,0.3018,16.8494,4.048,1.8223,2.2264,39.2339,5.0943,36.0191,3.3188,0.6637,21156.7,3.4111,25.06,46.05,0.9049,7.7269,0,0.7087,0.5574,8.4677,63.56,91.06,47006.1,184.9,188631.3,3.0175,5437.5,220.42,313.2,2801.7,48.72,,,
 PCD1525,Incensarios,Belize,Cayo,Tipu,Miscellaneous Censers,6.8559,28.0846,0.3899,25.4036,5.444,2.1776,2.8877,60.4242,8.3943,59.5379,4.5399,0.9455,30189.5,4.5829,0,86.81,1.3615,11.7231,46.07,1.1527,0.76,11.8337,68.82,113.45,66152.1,477.6,163387.9,4.2391,13353,457.11,821.6,4230.5,69.9,,,
 PCD1534 ,Incensarios,Belize,Cayo,Tipu,Miscellaneous Censers,2.6951,28.2774,0.4021,29.6972,5.6466,1.9907,2.905,66.5203,5.3405,36.057,3.0843,0.8587,15120.4,6.5309,27.16,63.53,0.6869,7.8735,37.46,1.0681,0.741,10.3931,78.63,141.22,51977.8,218.1,168158.1,3.5065,9833.4,423.83,1108.6,4022.2,34.43,,,
PCD1460,Incensarios,Belize,Cayo,Tipu,Pozo Composite,13.7955,17.9903,0.2927,15.3023,3.626,1.576,2.064,61.6915,15.275,63.414,1.8857,0.7347,40552.3,5.5175,0,18.71,1.0165,12.1075,86.4,0.9327,0.4858,9.0129,59.75,159.31,75097.1,364.9,155175.7,2.9807,5144.2,897.47,405.7,4980.8,105.67,,,
*PCD1583,Incensarios,Belize,Cayo,Tipu,Pitufo Modeled,5.0014,14.5515,0.2642,15.5889,2.9237,2.1657,1.6272,29.1972,3.2707,24.904,0.2715,0.6143,16689.1,3.1674,20.69,8.47,0.6414,7.1227,589.06,0.4583,0.4373,6.0147,79.58,78.98,50774.8,440.6,255925.3,2.3037,3825.1,146.9,384.9,2664.7,54.37,,,
*PCD1482,Incensarios,Belize,Cayo,Tipu,Daub,0.6365,0.4222,0.0105,1.1977,0.1151,0,0.1185,0.6619,0.6185,1.0736,0.0442,0.0232,230,0.0418,0,0,0.0611,0.1,42.1,0,0.0264,0.0567,6.37,0,1736.2,0,390452.4,0,0,33.84,110.1,1003.8,0,,,
PCD1469,Incensarios,Belize,Cayo,Tipu,Daub,5.6438,53.3395,0.6027,43.2895,8.9272,4.2164,4.55,111.7522,10.3536,52.2153,4.6666,1.4861,26128.6,12.2957,0,100.13,1.3352,9.3762,0,2.1354,1.2191,14.0011,71.54,281.16,49136,355.8,3937.1,7.2435,16808.8,575.87,2168.7,8483.9,61.61,,,
PCD1585,Incensarios,Belize,Cayo,Tipu,Daub,11.4686,53.2259,0.7138,51.2621,9.6185,4.5613,5.0836,112.244,12.4342,59.599,5.8657,1.6338,32384.2,12.1694,0,112.03,1.754,11.3552,0,2.1534,1.3264,15.8887,68.88,326.4,59726.9,347.3,4912.8,7.8846,17273.2,639.29,2015.9,7589.2,79.43,,,
PCD931,Redwares,Belize,Corozal,Santa Rita Corozal,Rita Red,,,,,,,,,,,,,,,,,,,,,,,,,,,,,,,,,,,,
 *PCD932,Redwares,Belize,Corozal,Santa Rita Corozal,Rita Red,,,,,,,,,,,,,,,,,,,,,,,,,,,,,,,,,,,,
 PCD933,Redwares,Belize,Corozal,Santa Rita Corozal,Rita Red,,,,,,,,,,,,,,,,,,,,,,,,,,,,,,,,,,,,
 PCD934,Redwares,Belize,Corozal,Santa Rita Corozal,Rita Red,,,,,,,,,,,,,,,,,,,,,,,,,,,,,,,,,,,,
 PCD936,Redwares,Belize,Corozal,Santa Rita Corozal,Rita Red,,,,,,,,,,,,,,,,,,,,,,,,,,,,,,,,,,,,
 *PCD937,Redwares,Belize,Corozal,Santa Rita Corozal,Rita Red,,,,,,,,,,,,,,,,,,,,,,,,,,,,,,,,,,,,
 *PCD939,Redwares,Belize,Corozal,Santa Rita Corozal,Rita Red,,,,,,,,,,,,,,,,,,,,,,,,,,,,,,,,,,,,
PCD940,Redwares,Belize,Corozal,Santa Rita Corozal,Rita Red,,,,,,,,,,,,,,,,,,,,,,,,,,,,,,,,,,,,
 PCD941,Redwares,Belize,Corozal,Santa Rita Corozal,Rita Red,,,,,,,,,,,,,,,,,,,,,,,,,,,,,,,,,,,,
 PCD942,Redwares,Belize,Corozal,Santa Rita Corozal,Rita Red,,,,,,,,,,,,,,,,,,,,,,,,,,,,,,,,,,,,
 *PCD943,Redwares,Belize,Corozal,Santa Rita Corozal,Rita Red,,,,,,,,,,,,,,,,,,,,,,,,,,,,,,,,,,,,
 *PCD944,Redwares,Belize,Corozal,Santa Rita Corozal,Rita Red,,,,,,,,,,,,,,,,,,,,,,,,,,,,,,,,,,,,
 PCD945,Redwares,Belize,Corozal,Santa Rita Corozal,Rita Red,,,,,,,,,,,,,,,,,,,,,,,,,,,,,,,,,,,,
 *PCD946,Redwares,Belize,Corozal,Santa Rita Corozal,Rita Red,,,,,,,,,,,,,,,,,,,,,,,,,,,,,,,,,,,,
 PCD947,Redwares,Belize,Corozal,Santa Rita Corozal,Rita Red,,,,,,,,,,,,,,,,,,,,,,,,,,,,,,,,,,,,
 *PCD948,Redwares,Belize,Corozal,Santa Rita Corozal,Rita Red,,,,,,,,,,,,,,,,,,,,,,,,,,,,,,,,,,,,
 *PCD949,Redwares,Belize,Corozal,Santa Rita Corozal,Rita Red,,,,,,,,,,,,,,,,,,,,,,,,,,,,,,,,,,,,
 *PCD953,Redwares,Belize,Corozal,Santa Rita Corozal,Rita Red,,,,,,,,,,,,,,,,,,,,,,,,,,,,,,,,,,,,
 PCD955,Redwares,Belize,Corozal,Santa Rita Corozal,Rita Red,,,,,,,,,,,,,,,,,,,,,,,,,,,,,,,,,,,,
 PCD956,Redwares,Belize,Corozal,Santa Rita Corozal,Rita Red,,,,,,,,,,,,,,,,,,,,,,,,,,,,,,,,,,,,
 PCD957,Redwares,Belize,Corozal,Santa Rita Corozal,Rita Red,,,,,,,,,,,,,,,,,,,,,,,,,,,,,,,,,,,,
 *PCD958,Redwares,Belize,Corozal,Santa Rita Corozal,Rita Red,,,,,,,,,,,,,,,,,,,,,,,,,,,,,,,,,,,,
 *PCD959,Redwares,Belize,Corozal,Santa Rita Corozal,Rita Red,,,,,,,,,,,,,,,,,,,,,,,,,,,,,,,,,,,,
 *PCD960,Redwares,Belize,Corozal,Santa Rita Corozal,Rita Red,,,,,,,,,,,,,,,,,,,,,,,,,,,,,,,,,,,,
 *PCD961,Redwares,Belize,Corozal,Santa Rita Corozal,Rita Red,,,,,,,,,,,,,,,,,,,,,,,,,,,,,,,,,,,,
 PCD962,Redwares,Belize,Corozal,Santa Rita Corozal,Rita Red,,,,,,,,,,,,,,,,,,,,,,,,,,,,,,,,,,,,
 PCD963,Redwares,Belize,Corozal,Santa Rita Corozal,Rita Red,,,,,,,,,,,,,,,,,,,,,,,,,,,,,,,,,,,,
 PCD967,Redwares,Belize,Corozal,Santa Rita Corozal,Rita Red,,,,,,,,,,,,,,,,,,,,,,,,,,,,,,,,,,,,
 PCD968,Redwares,Belize,Corozal,Santa Rita Corozal,Rita Red,,,,,,,,,,,,,,,,,,,,,,,,,,,,,,,,,,,,
 *PCD969,Redwares,Belize,Corozal,Santa Rita Corozal,Rita Red,,,,,,,,,,,,,,,,,,,,,,,,,,,,,,,,,,,,
 PCD970,Redwares,Belize,Corozal,Santa Rita Corozal,Rita Red,,,,,,,,,,,,,,,,,,,,,,,,,,,,,,,,,,,,
 PCD971,Redwares,Belize,Corozal,Santa Rita Corozal,Rita Red,,,,,,,,,,,,,,,,,,,,,,,,,,,,,,,,,,,,
 *PCD972,Redwares,Belize,Corozal,Santa Rita Corozal,Rita Red,,,,,,,,,,,,,,,,,,,,,,,,,,,,,,,,,,,,
 PCD973,Redwares,Belize,Corozal,Santa Rita Corozal,Rita Red,,,,,,,,,,,,,,,,,,,,,,,,,,,,,,,,,,,,
 PCD974,Redwares,Belize,Corozal,Santa Rita Corozal,Rita Red,,,,,,,,,,,,,,,,,,,,,,,,,,,,,,,,,,,,
 *PCD975,Redwares,Belize,Corozal,Santa Rita Corozal,Rita Red,,,,,,,,,,,,,,,,,,,,,,,,,,,,,,,,,,,,
 PCD976,Redwares,Belize,Corozal,Santa Rita Corozal,Rita Red,,,,,,,,,,,,,,,,,,,,,,,,,,,,,,,,,,,,
 PCD977,Redwares,Belize,Corozal,Santa Rita Corozal,Rita Red,,,,,,,,,,,,,,,,,,,,,,,,,,,,,,,,,,,,
 PCD978,Redwares,Belize,Corozal,Santa Rita Corozal,Rita Red,,,,,,,,,,,,,,,,,,,,,,,,,,,,,,,,,,,,
 PCD987,Redwares,Belize,Corozal,Santa Rita Corozal,Rita Red,,,,,,,,,,,,,,,,,,,,,,,,,,,,,,,,,,,,
 PCD988,Redwares,Belize,Corozal,Santa Rita Corozal,Rita Red,,,,,,,,,,,,,,,,,,,,,,,,,,,,,,,,,,,,
 *PCD990,Redwares,Belize,Corozal,Santa Rita Corozal,Rita Red,,,,,,,,,,,,,,,,,,,,,,,,,,,,,,,,,,,,
 PCD991,Redwares,Belize,Corozal,Santa Rita Corozal,Rita Red,,,,,,,,,,,,,,,,,,,,,,,,,,,,,,,,,,,,
 PCD992,Redwares,Belize,Corozal,Santa Rita Corozal,Rita Red,,,,,,,,,,,,,,,,,,,,,,,,,,,,,,,,,,,,
 PCD993,Redwares,Belize,Corozal,Santa Rita Corozal,Rita Red,,,,,,,,,,,,,,,,,,,,,,,,,,,,,,,,,,,,
 PCD995,Redwares,Belize,Corozal,Santa Rita Corozal,Rita Red,,,,,,,,,,,,,,,,,,,,,,,,,,,,,,,,,,,,
 PCD996,Redwares,Belize,Corozal,Santa Rita Corozal,Rita Red,,,,,,,,,,,,,,,,,,,,,,,,,,,,,,,,,,,,
PCD998,Redwares,Belize,Corozal,Santa Rita Corozal,Rita Red,,,,,,,,,,,,,,,,,,,,,,,,,,,,,,,,,,,,
 PCD999,Redwares,Belize,Corozal,Santa Rita Corozal,Rita Red,,,,,,,,,,,,,,,,,,,,,,,,,,,,,,,,,,,,
 *PCD1001,Redwares,Belize,Corozal,Santa Rita Corozal,Rita Red,,,,,,,,,,,,,,,,,,,,,,,,,,,,,,,,,,,,
 PCD1002,Redwares,Belize,Corozal,Santa Rita Corozal,Rita Red,,,,,,,,,,,,,,,,,,,,,,,,,,,,,,,,,,,,
 PCD1003,Redwares,Belize,Corozal,Santa Rita Corozal,Rita Red,,,,,,,,,,,,,,,,,,,,,,,,,,,,,,,,,,,,
 PCD1005,Redwares,Belize,Corozal,Santa Rita Corozal,Rita Red,,,,,,,,,,,,,,,,,,,,,,,,,,,,,,,,,,,,
 PCD1007,Redwares,Belize,Corozal,Santa Rita Corozal,Rita Red,,,,,,,,,,,,,,,,,,,,,,,,,,,,,,,,,,,,
 PCD1113,Redwares,Belize,Corozal,Santa Rita Corozal,Rita Red,,,,,,,,,,,,,,,,,,,,,,,,,,,,,,,,,,,,
 PCD1117,Redwares,Belize,Corozal,Santa Rita Corozal,Rita Red,,,,,,,,,,,,,,,,,,,,,,,,,,,,,,,,,,,,
 PCD1118,Redwares,Belize,Corozal,Santa Rita Corozal,Rita Red,,,,,,,,,,,,,,,,,,,,,,,,,,,,,,,,,,,,
 *PCD1126,Redwares,Belize,Corozal,Santa Rita Corozal,Rita Red,,,,,,,,,,,,,,,,,,,,,,,,,,,,,,,,,,,,
 PCD1128,Redwares,Belize,Corozal,Santa Rita Corozal,Rita Red,,,,,,,,,,,,,,,,,,,,,,,,,,,,,,,,,,,,
 PCD1129,Redwares,Belize,Corozal,Santa Rita Corozal,Rita Red,,,,,,,,,,,,,,,,,,,,,,,,,,,,,,,,,,,,
 PCD1130,Redwares,Belize,Corozal,Santa Rita Corozal,Rita Red,,,,,,,,,,,,,,,,,,,,,,,,,,,,,,,,,,,,
 PCD1131,Redwares,Belize,Corozal,Santa Rita Corozal,Rita Red,,,,,,,,,,,,,,,,,,,,,,,,,,,,,,,,,,,,
 PCD1132,Redwares,Belize,Corozal,Santa Rita Corozal,Rita Red,,,,,,,,,,,,,,,,,,,,,,,,,,,,,,,,,,,,
 PCD1135,Redwares,Belize,Corozal,Santa Rita Corozal,Rita Red,,,,,,,,,,,,,,,,,,,,,,,,,,,,,,,,,,,,
 PCD1136,Redwares,Belize,Corozal,Santa Rita Corozal,Rita Red,,,,,,,,,,,,,,,,,,,,,,,,,,,,,,,,,,,,
 PCD1137,Redwares,Belize,Corozal,Santa Rita Corozal,Rita Red,,,,,,,,,,,,,,,,,,,,,,,,,,,,,,,,,,,,
 PCD1138,Redwares,Belize,Corozal,Santa Rita Corozal,Rita Red,,,,,,,,,,,,,,,,,,,,,,,,,,,,,,,,,,,,
 PCD1139 ,Redwares,Belize,Corozal,Santa Rita Corozal,Rita Red,,,,,,,,,,,,,,,,,,,,,,,,,,,,,,,,,,,,
*PCD1115,Redwares,Belize,Corozal,Santa Rita Corozal,Kak Polychrome,,,,,,,,,,,,,,,,,,,,,,,,,,,,,,,,,,,,
PCD954,Redwares,Belize,Corozal,Santa Rita Corozal,Tulum Red,,,,,,,,,,,,,,,,,,,,,,,,,,,,,,,,,,,,
*PCD1120,Redwares,Belize,Corozal,Santa Rita Corozal,Tulum Red,,,,,,,,,,,,,,,,,,,,,,,,,,,,,,,,,,,,
*PCD1121,Redwares,Belize,Corozal,Santa Rita Corozal,Tulum Red,,,,,,,,,,,,,,,,,,,,,,,,,,,,,,,,,,,,
PCD938,Redwares,Belize,Corozal,Santa Rita Corozal,Cimital Buff,,,,,,,,,,,,,,,,,,,,,,,,,,,,,,,,,,,,
 *PCD986,Redwares,Belize,Corozal,Santa Rita Corozal,Cimital Buff,,,,,,,,,,,,,,,,,,,,,,,,,,,,,,,,,,,,
 PCD989,Redwares,Belize,Corozal,Santa Rita Corozal,Cimital Buff,,,,,,,,,,,,,,,,,,,,,,,,,,,,,,,,,,,,
 PCD997,Redwares,Belize,Corozal,Santa Rita Corozal,Cimital Buff,,,,,,,,,,,,,,,,,,,,,,,,,,,,,,,,,,,,
PCD1004,Redwares,Belize,Corozal,Santa Rita Corozal,Cimital Buff,,,,,,,,,,,,,,,,,,,,,,,,,,,,,,,,,,,,
 PCD1112,Redwares,Belize,Corozal,Santa Rita Corozal,Cimital Buff,,,,,,,,,,,,,,,,,,,,,,,,,,,,,,,,,,,,
 PCD1134,Redwares,Belize,Corozal,Santa Rita Corozal,Cimital Buff,,,,,,,,,,,,,,,,,,,,,,,,,,,,,,,,,,,,
*PCD1133,Redwares,Belize,Corozal,Santa Rita Corozal,Paxcamám Red,,,,,,,,,,,,,,,,,,,,,,,,,,,,,,,,,,,,
PCD950,Insencariou,Belize,Corozal,Santa Rita Corozal,Chen Mul Modeled,,,,,,,,,,,,,,,,,,,,,,,,,,,,,,,,,,,,
 PCD1036,Insencariou,Belize,Corozal,Santa Rita Corozal,Chen Mul Modeled,,,,,,,,,,,,,,,,,,,,,,,,,,,,,,,,,,,,
 PCD1037,Insencariou,Belize,Corozal,Santa Rita Corozal,Chen Mul Modeled,,,,,,,,,,,,,,,,,,,,,,,,,,,,,,,,,,,,
 PCD1038,Insencariou,Belize,Corozal,Santa Rita Corozal,Chen Mul Modeled,,,,,,,,,,,,,,,,,,,,,,,,,,,,,,,,,,,,
 *PCD1039,Insencariou,Belize,Corozal,Santa Rita Corozal,Chen Mul Modeled,,,,,,,,,,,,,,,,,,,,,,,,,,,,,,,,,,,,
 PCD1040,Insencariou,Belize,Corozal,Santa Rita Corozal,Chen Mul Modeled,,,,,,,,,,,,,,,,,,,,,,,,,,,,,,,,,,,,
 PCD1041,Insencariou,Belize,Corozal,Santa Rita Corozal,Chen Mul Modeled,,,,,,,,,,,,,,,,,,,,,,,,,,,,,,,,,,,,
 *PCD1042,Insencariou,Belize,Corozal,Santa Rita Corozal,Chen Mul Modeled,,,,,,,,,,,,,,,,,,,,,,,,,,,,,,,,,,,,
 PCD1043,Insencariou,Belize,Corozal,Santa Rita Corozal,Chen Mul Modeled,,,,,,,,,,,,,,,,,,,,,,,,,,,,,,,,,,,,
 PCD1044,Insencariou,Belize,Corozal,Santa Rita Corozal,Chen Mul Modeled,,,,,,,,,,,,,,,,,,,,,,,,,,,,,,,,,,,,
 PCD1045,Insencariou,Belize,Corozal,Santa Rita Corozal,Chen Mul Modeled,,,,,,,,,,,,,,,,,,,,,,,,,,,,,,,,,,,,
 *PCD1046,Insencariou,Belize,Corozal,Santa Rita Corozal,Chen Mul Modeled,,,,,,,,,,,,,,,,,,,,,,,,,,,,,,,,,,,,
 PCD1047,Insencariou,Belize,Corozal,Santa Rita Corozal,Chen Mul Modeled,,,,,,,,,,,,,,,,,,,,,,,,,,,,,,,,,,,,
 PCD1048,Insencariou,Belize,Corozal,Santa Rita Corozal,Chen Mul Modeled,,,,,,,,,,,,,,,,,,,,,,,,,,,,,,,,,,,,
 PCD1049,Insencariou,Belize,Corozal,Santa Rita Corozal,Chen Mul Modeled,,,,,,,,,,,,,,,,,,,,,,,,,,,,,,,,,,,,
 *PCD1050,Insencariou,Belize,Corozal,Santa Rita Corozal,Chen Mul Modeled,,,,,,,,,,,,,,,,,,,,,,,,,,,,,,,,,,,,
 PCD1051,Insencariou,Belize,Corozal,Santa Rita Corozal,Chen Mul Modeled,,,,,,,,,,,,,,,,,,,,,,,,,,,,,,,,,,,,
 *PCD1052,Insencariou,Belize,Corozal,Santa Rita Corozal,Chen Mul Modeled,,,,,,,,,,,,,,,,,,,,,,,,,,,,,,,,,,,,
 PCD1053,Insencariou,Belize,Corozal,Santa Rita Corozal,Chen Mul Modeled,,,,,,,,,,,,,,,,,,,,,,,,,,,,,,,,,,,,
 PCD1054,Insencariou,Belize,Corozal,Santa Rita Corozal,Chen Mul Modeled,,,,,,,,,,,,,,,,,,,,,,,,,,,,,,,,,,,,
 *PCD1055,Insencariou,Belize,Corozal,Santa Rita Corozal,Chen Mul Modeled,,,,,,,,,,,,,,,,,,,,,,,,,,,,,,,,,,,,
 PCD1056,Insencariou,Belize,Corozal,Santa Rita Corozal,Chen Mul Modeled,,,,,,,,,,,,,,,,,,,,,,,,,,,,,,,,,,,,
 PCD1057,Insencariou,Belize,Corozal,Santa Rita Corozal,Chen Mul Modeled,,,,,,,,,,,,,,,,,,,,,,,,,,,,,,,,,,,,
 PCD1058,Insencariou,Belize,Corozal,Santa Rita Corozal,Chen Mul Modeled,,,,,,,,,,,,,,,,,,,,,,,,,,,,,,,,,,,,
 *PCD1059,Insencariou,Belize,Corozal,Santa Rita Corozal,Chen Mul Modeled,,,,,,,,,,,,,,,,,,,,,,,,,,,,,,,,,,,,
 PCD1060,Insencariou,Belize,Corozal,Santa Rita Corozal,Chen Mul Modeled,,,,,,,,,,,,,,,,,,,,,,,,,,,,,,,,,,,,
 PCD1061,Insencariou,Belize,Corozal,Santa Rita Corozal,Chen Mul Modeled,,,,,,,,,,,,,,,,,,,,,,,,,,,,,,,,,,,,
 PCD1062,Insencariou,Belize,Corozal,Santa Rita Corozal,Chen Mul Modeled,,,,,,,,,,,,,,,,,,,,,,,,,,,,,,,,,,,,
 PCD1063,Insencariou,Belize,Corozal,Santa Rita Corozal,Chen Mul Modeled,,,,,,,,,,,,,,,,,,,,,,,,,,,,,,,,,,,,
 PCD1064,Insencariou,Belize,Corozal,Santa Rita Corozal,Chen Mul Modeled,,,,,,,,,,,,,,,,,,,,,,,,,,,,,,,,,,,,
 *PCD1065,Insencariou,Belize,Corozal,Santa Rita Corozal,Chen Mul Modeled,,,,,,,,,,,,,,,,,,,,,,,,,,,,,,,,,,,,
 PCD1066,Insencariou,Belize,Corozal,Santa Rita Corozal,Chen Mul Modeled,,,,,,,,,,,,,,,,,,,,,,,,,,,,,,,,,,,,
 PCD1067,Insencariou,Belize,Corozal,Santa Rita Corozal,Chen Mul Modeled,,,,,,,,,,,,,,,,,,,,,,,,,,,,,,,,,,,,
 PCD1068,Insencariou,Belize,Corozal,Santa Rita Corozal,Chen Mul Modeled,,,,,,,,,,,,,,,,,,,,,,,,,,,,,,,,,,,,
 *PCD1069,Insencariou,Belize,Corozal,Santa Rita Corozal,Chen Mul Modeled,,,,,,,,,,,,,,,,,,,,,,,,,,,,,,,,,,,,
 PCD1070,Insencariou,Belize,Corozal,Santa Rita Corozal,Chen Mul Modeled,,,,,,,,,,,,,,,,,,,,,,,,,,,,,,,,,,,,
 PCD1071,Insencariou,Belize,Corozal,Santa Rita Corozal,Chen Mul Modeled,,,,,,,,,,,,,,,,,,,,,,,,,,,,,,,,,,,,
 PCD1072,Insencariou,Belize,Corozal,Santa Rita Corozal,Chen Mul Modeled,,,,,,,,,,,,,,,,,,,,,,,,,,,,,,,,,,,,
 PCD1073,Insencariou,Belize,Corozal,Santa Rita Corozal,Chen Mul Modeled,,,,,,,,,,,,,,,,,,,,,,,,,,,,,,,,,,,,
 PCD1074,Insencariou,Belize,Corozal,Santa Rita Corozal,Chen Mul Modeled,,,,,,,,,,,,,,,,,,,,,,,,,,,,,,,,,,,,
 PCD1075,Insencariou,Belize,Corozal,Santa Rita Corozal,Chen Mul Modeled,,,,,,,,,,,,,,,,,,,,,,,,,,,,,,,,,,,,
 PCD1076,Insencariou,Belize,Corozal,Santa Rita Corozal,Chen Mul Modeled,,,,,,,,,,,,,,,,,,,,,,,,,,,,,,,,,,,,
 PCD 1077,Insencariou,Belize,Corozal,Santa Rita Corozal,Chen Mul Modeled,,,,,,,,,,,,,,,,,,,,,,,,,,,,,,,,,,,,
 *PCD1078,Insencariou,Belize,Corozal,Santa Rita Corozal,Chen Mul Modeled,,,,,,,,,,,,,,,,,,,,,,,,,,,,,,,,,,,,
 PCD1079,Insencariou,Belize,Corozal,Santa Rita Corozal,Chen Mul Modeled,,,,,,,,,,,,,,,,,,,,,,,,,,,,,,,,,,,,
 PCD 1080,Insencariou,Belize,Corozal,Santa Rita Corozal,Chen Mul Modeled,,,,,,,,,,,,,,,,,,,,,,,,,,,,,,,,,,,,
 PCD1081,Insencariou,Belize,Corozal,Santa Rita Corozal,Chen Mul Modeled,,,,,,,,,,,,,,,,,,,,,,,,,,,,,,,,,,,,
 PCD1082,Insencariou,Belize,Corozal,Santa Rita Corozal,Chen Mul Modeled,,,,,,,,,,,,,,,,,,,,,,,,,,,,,,,,,,,,
 PCD1083,Insencariou,Belize,Corozal,Santa Rita Corozal,Chen Mul Modeled,,,,,,,,,,,,,,,,,,,,,,,,,,,,,,,,,,,,
 PCD1084,Insencariou,Belize,Corozal,Santa Rita Corozal,Chen Mul Modeled,,,,,,,,,,,,,,,,,,,,,,,,,,,,,,,,,,,,
 *PCD1085,Insencariou,Belize,Corozal,Santa Rita Corozal,Chen Mul Modeled,,,,,,,,,,,,,,,,,,,,,,,,,,,,,,,,,,,,
 PCD1086,Insencariou,Belize,Corozal,Santa Rita Corozal,Chen Mul Modeled,,,,,,,,,,,,,,,,,,,,,,,,,,,,,,,,,,,,
 PCD1087,Insencariou,Belize,Corozal,Santa Rita Corozal,Chen Mul Modeled,,,,,,,,,,,,,,,,,,,,,,,,,,,,,,,,,,,,
 PCD1088,Insencariou,Belize,Corozal,Santa Rita Corozal,Chen Mul Modeled,,,,,,,,,,,,,,,,,,,,,,,,,,,,,,,,,,,,
 PCD1089,Insencariou,Belize,Corozal,Santa Rita Corozal,Chen Mul Modeled,,,,,,,,,,,,,,,,,,,,,,,,,,,,,,,,,,,,
 PCD1090,Insencariou,Belize,Corozal,Santa Rita Corozal,Chen Mul Modeled,,,,,,,,,,,,,,,,,,,,,,,,,,,,,,,,,,,,
 PCD1091,Insencariou,Belize,Corozal,Santa Rita Corozal,Chen Mul Modeled,,,,,,,,,,,,,,,,,,,,,,,,,,,,,,,,,,,,
 PCD1092,Insencariou,Belize,Corozal,Santa Rita Corozal,Chen Mul Modeled,,,,,,,,,,,,,,,,,,,,,,,,,,,,,,,,,,,,
 PCD1093,Insencariou,Belize,Corozal,Santa Rita Corozal,Chen Mul Modeled,,,,,,,,,,,,,,,,,,,,,,,,,,,,,,,,,,,,
 PCD1094,Insencariou,Belize,Corozal,Santa Rita Corozal,Chen Mul Modeled,,,,,,,,,,,,,,,,,,,,,,,,,,,,,,,,,,,,
 PCD1095,Insencariou,Belize,Corozal,Santa Rita Corozal,Chen Mul Modeled,,,,,,,,,,,,,,,,,,,,,,,,,,,,,,,,,,,,
 PCD1096,Insencariou,Belize,Corozal,Santa Rita Corozal,Chen Mul Modeled,,,,,,,,,,,,,,,,,,,,,,,,,,,,,,,,,,,,
 PCD1097,Insencariou,Belize,Corozal,Santa Rita Corozal,Chen Mul Modeled,,,,,,,,,,,,,,,,,,,,,,,,,,,,,,,,,,,,
 PCD1098,Insencariou,Belize,Corozal,Santa Rita Corozal,Chen Mul Modeled,,,,,,,,,,,,,,,,,,,,,,,,,,,,,,,,,,,,
 PCD1099,Insencariou,Belize,Corozal,Santa Rita Corozal,Chen Mul Modeled,,,,,,,,,,,,,,,,,,,,,,,,,,,,,,,,,,,,
 PCD1100,Insencariou,Belize,Corozal,Santa Rita Corozal,Chen Mul Modeled,,,,,,,,,,,,,,,,,,,,,,,,,,,,,,,,,,,,
 PCD1101,Insencariou,Belize,Corozal,Santa Rita Corozal,Chen Mul Modeled,,,,,,,,,,,,,,,,,,,,,,,,,,,,,,,,,,,,
 PCD1102,Insencariou,Belize,Corozal,Santa Rita Corozal,Chen Mul Modeled,,,,,,,,,,,,,,,,,,,,,,,,,,,,,,,,,,,,
 PCD1103,Insencariou,Belize,Corozal,Santa Rita Corozal,Chen Mul Modeled,,,,,,,,,,,,,,,,,,,,,,,,,,,,,,,,,,,,
 PCD1104,Insencariou,Belize,Corozal,Santa Rita Corozal,Chen Mul Modeled,,,,,,,,,,,,,,,,,,,,,,,,,,,,,,,,,,,,
 PCD1105,Insencariou,Belize,Corozal,Santa Rita Corozal,Chen Mul Modeled,,,,,,,,,,,,,,,,,,,,,,,,,,,,,,,,,,,,
 PCD1106,Insencariou,Belize,Corozal,Santa Rita Corozal,Chen Mul Modeled,,,,,,,,,,,,,,,,,,,,,,,,,,,,,,,,,,,,
 PCD1107,Insencariou,Belize,Corozal,Santa Rita Corozal,Chen Mul Modeled,,,,,,,,,,,,,,,,,,,,,,,,,,,,,,,,,,,,
 PCD1109,Insencariou,Belize,Corozal,Santa Rita Corozal,Chen Mul Modeled,,,,,,,,,,,,,,,,,,,,,,,,,,,,,,,,,,,,
 PCD1111,Insencariou,Belize,Corozal,Santa Rita Corozal,Chen Mul Modeled,,,,,,,,,,,,,,,,,,,,,,,,,,,,,,,,,,,,
 PCD1116 ,Insencariou,Belize,Corozal,Santa Rita Corozal,Chen Mul Modeled,,,,,,,,,,,,,,,,,,,,,,,,,,,,,,,,,,,,
PCD951,Insencariou,Belize,Corozal,Santa Rita Corozal,Cohokum Modeled,,,,,,,,,,,,,,,,,,,,,,,,,,,,,,,,,,,,
 *PCD952,Insencariou,Belize,Corozal,Santa Rita Corozal,Cohokum Modeled,,,,,,,,,,,,,,,,,,,,,,,,,,,,,,,,,,,,
PCD965,Insencariou,Belize,Corozal,Santa Rita Corozal,Cohokum Modeled,,,,,,,,,,,,,,,,,,,,,,,,,,,,,,,,,,,,
 *PCD966,Insencariou,Belize,Corozal,Santa Rita Corozal,Cohokum Modeled,,,,,,,,,,,,,,,,,,,,,,,,,,,,,,,,,,,,
 PCD981,Insencariou,Belize,Corozal,Santa Rita Corozal,Cohokum Modeled,,,,,,,,,,,,,,,,,,,,,,,,,,,,,,,,,,,,
 *PCD982,Insencariou,Belize,Corozal,Santa Rita Corozal,Cohokum Modeled,,,,,,,,,,,,,,,,,,,,,,,,,,,,,,,,,,,,
 *PCD983,Insencariou,Belize,Corozal,Santa Rita Corozal,Cohokum Modeled,,,,,,,,,,,,,,,,,,,,,,,,,,,,,,,,,,,,
 PCD984,Insencariou,Belize,Corozal,Santa Rita Corozal,Cohokum Modeled,,,,,,,,,,,,,,,,,,,,,,,,,,,,,,,,,,,,
 *PCD985,Insencariou,Belize,Corozal,Santa Rita Corozal,Cohokum Modeled,,,,,,,,,,,,,,,,,,,,,,,,,,,,,,,,,,,,
*PCD1000,Insencariou,Belize,Corozal,Santa Rita Corozal,Cohokum Modeled,,,,,,,,,,,,,,,,,,,,,,,,,,,,,,,,,,,,
PCD1008,Insencariou,Belize,Corozal,Santa Rita Corozal,Cohokum Modeled,,,,,,,,,,,,,,,,,,,,,,,,,,,,,,,,,,,,
*PCD1010,Insencariou,Belize,Corozal,Santa Rita Corozal,Cohokum Modeled,,,,,,,,,,,,,,,,,,,,,,,,,,,,,,,,,,,,
 PCD1013,Insencariou,Belize,Corozal,Santa Rita Corozal,Cohokum Modeled,,,,,,,,,,,,,,,,,,,,,,,,,,,,,,,,,,,,
*PCD1016,Insencariou,Belize,Corozal,Santa Rita Corozal,Cohokum Modeled,,,,,,,,,,,,,,,,,,,,,,,,,,,,,,,,,,,,
 *PCD1017,Insencariou,Belize,Corozal,Santa Rita Corozal,Cohokum Modeled,,,,,,,,,,,,,,,,,,,,,,,,,,,,,,,,,,,,
 PCD1018,Insencariou,Belize,Corozal,Santa Rita Corozal,Cohokum Modeled,,,,,,,,,,,,,,,,,,,,,,,,,,,,,,,,,,,,
 PCD1019,Insencariou,Belize,Corozal,Santa Rita Corozal,Cohokum Modeled,,,,,,,,,,,,,,,,,,,,,,,,,,,,,,,,,,,,
 PCD1020,Insencariou,Belize,Corozal,Santa Rita Corozal,Cohokum Modeled,,,,,,,,,,,,,,,,,,,,,,,,,,,,,,,,,,,,
 *PCD1021,Insencariou,Belize,Corozal,Santa Rita Corozal,Cohokum Modeled,,,,,,,,,,,,,,,,,,,,,,,,,,,,,,,,,,,,
 *PCD1022,Insencariou,Belize,Corozal,Santa Rita Corozal,Cohokum Modeled,,,,,,,,,,,,,,,,,,,,,,,,,,,,,,,,,,,,
PCD1024,Insencariou,Belize,Corozal,Santa Rita Corozal,Cohokum Modeled,,,,,,,,,,,,,,,,,,,,,,,,,,,,,,,,,,,,
 PCD1025,Insencariou,Belize,Corozal,Santa Rita Corozal,Cohokum Modeled,,,,,,,,,,,,,,,,,,,,,,,,,,,,,,,,,,,,
PCD1028,Insencariou,Belize,Corozal,Santa Rita Corozal,Cohokum Modeled,,,,,,,,,,,,,,,,,,,,,,,,,,,,,,,,,,,,
PCD1030,Insencariou,Belize,Corozal,Santa Rita Corozal,Cohokum Modeled,,,,,,,,,,,,,,,,,,,,,,,,,,,,,,,,,,,,
 *PCD1031,Insencariou,Belize,Corozal,Santa Rita Corozal,Cohokum Modeled,,,,,,,,,,,,,,,,,,,,,,,,,,,,,,,,,,,,
 PCD1032,Insencariou,Belize,Corozal,Santa Rita Corozal,Cohokum Modeled,,,,,,,,,,,,,,,,,,,,,,,,,,,,,,,,,,,,
 PCD1033,Insencariou,Belize,Corozal,Santa Rita Corozal,Cohokum Modeled,,,,,,,,,,,,,,,,,,,,,,,,,,,,,,,,,,,,
 PCD1034,Insencariou,Belize,Corozal,Santa Rita Corozal,Cohokum Modeled,,,,,,,,,,,,,,,,,,,,,,,,,,,,,,,,,,,,
 PCD1035,Insencariou,Belize,Corozal,Santa Rita Corozal,Cohokum Modeled,,,,,,,,,,,,,,,,,,,,,,,,,,,,,,,,,,,,
 PCD1108,Insencariou,Belize,Corozal,Santa Rita Corozal,Cohokum Modeled,,,,,,,,,,,,,,,,,,,,,,,,,,,,,,,,,,,,
 PCD1110,Insencariou,Belize,Corozal,Santa Rita Corozal,Cohokum Modeled,,,,,,,,,,,,,,,,,,,,,,,,,,,,,,,,,,,,
 PCD1125 ,Insencariou,Belize,Corozal,Santa Rita Corozal,Cohokum Modeled,,,,,,,,,,,,,,,,,,,,,,,,,,,,,,,,,,,,
*PCD964,Insencariou,Belize,Corozal,Santa Rita Corozal,Kol Modeled,,,,,,,,,,,,,,,,,,,,,,,,,,,,,,,,,,,,
 PCD979,Insencariou,Belize,Corozal,Santa Rita Corozal,Kol Modeled,,,,,,,,,,,,,,,,,,,,,,,,,,,,,,,,,,,,
 PCD980,Insencariou,Belize,Corozal,Santa Rita Corozal,Kol Modeled,,,,,,,,,,,,,,,,,,,,,,,,,,,,,,,,,,,,
 PCD994,Insencariou,Belize,Corozal,Santa Rita Corozal,Kol Modeled,,,,,,,,,,,,,,,,,,,,,,,,,,,,,,,,,,,,
 PCD1006,Insencariou,Belize,Corozal,Santa Rita Corozal,Kol Modeled,,,,,,,,,,,,,,,,,,,,,,,,,,,,,,,,,,,,
 PCD1009,Insencariou,Belize,Corozal,Santa Rita Corozal,Kol Modeled,,,,,,,,,,,,,,,,,,,,,,,,,,,,,,,,,,,,
 PCD1011,Insencariou,Belize,Corozal,Santa Rita Corozal,Kol Modeled,,,,,,,,,,,,,,,,,,,,,,,,,,,,,,,,,,,,
 PCD1012,Insencariou,Belize,Corozal,Santa Rita Corozal,Kol Modeled,,,,,,,,,,,,,,,,,,,,,,,,,,,,,,,,,,,,
 PCD1014,Insencariou,Belize,Corozal,Santa Rita Corozal,Kol Modeled,,,,,,,,,,,,,,,,,,,,,,,,,,,,,,,,,,,,
 PCD1015,Insencariou,Belize,Corozal,Santa Rita Corozal,Kol Modeled,,,,,,,,,,,,,,,,,,,,,,,,,,,,,,,,,,,,
 PCD1023,Insencariou,Belize,Corozal,Santa Rita Corozal,Kol Modeled,,,,,,,,,,,,,,,,,,,,,,,,,,,,,,,,,,,,
 PCD1026,Insencariou,Belize,Corozal,Santa Rita Corozal,Kol Modeled,,,,,,,,,,,,,,,,,,,,,,,,,,,,,,,,,,,,
 PCD1027,Insencariou,Belize,Corozal,Santa Rita Corozal,Kol Modeled,,,,,,,,,,,,,,,,,,,,,,,,,,,,,,,,,,,,
 PCD1029,Insencariou,Belize,Corozal,Santa Rita Corozal,Kol Modeled,,,,,,,,,,,,,,,,,,,,,,,,,,,,,,,,,,,,
 PCD1114,Insencariou,Belize,Corozal,Santa Rita Corozal,Kol Modeled,,,,,,,,,,,,,,,,,,,,,,,,,,,,,,,,,,,,
 PCD1119,Insencariou,Belize,Corozal,Santa Rita Corozal,Kol Modeled,,,,,,,,,,,,,,,,,,,,,,,,,,,,,,,,,,,,
 PCD1122,Insencariou,Belize,Corozal,Santa Rita Corozal,Kol Modeled,,,,,,,,,,,,,,,,,,,,,,,,,,,,,,,,,,,,
 PCD1123,Insencariou,Belize,Corozal,Santa Rita Corozal,Kol Modeled,,,,,,,,,,,,,,,,,,,,,,,,,,,,,,,,,,,,
 *PCD1124,Insencariou,Belize,Corozal,Santa Rita Corozal,Kol Modeled,,,,,,,,,,,,,,,,,,,,,,,,,,,,,,,,,,,,
PCD236,Redwares,Belize,Corozal,Laguna de On/Caye Coco,Zakpah Orange Red,,,,,,,,,,,,,,,,,,,,,,,,,,,,,,,,,,,,
 *PCD238,Redwares,Belize,Corozal,Laguna de On/Caye Coco,Zakpah Orange Red,,,,,,,,,,,,,,,,,,,,,,,,,,,,,,,,,,,,
 PCD261,Redwares,Belize,Corozal,Laguna de On/Caye Coco,Zakpah Orange Red,,,,,,,,,,,,,,,,,,,,,,,,,,,,,,,,,,,,
 *PCD264,Redwares,Belize,Corozal,Laguna de On/Caye Coco,Zakpah Orange Red,,,,,,,,,,,,,,,,,,,,,,,,,,,,,,,,,,,,
 PCD265,Redwares,Belize,Corozal,Laguna de On/Caye Coco,Zakpah Orange Red,,,,,,,,,,,,,,,,,,,,,,,,,,,,,,,,,,,,
 PCD276,Redwares,Belize,Corozal,Laguna de On/Caye Coco,Zakpah Orange Red,,,,,,,,,,,,,,,,,,,,,,,,,,,,,,,,,,,,
 PCD289,Redwares,Belize,Corozal,Laguna de On/Caye Coco,Zakpah Orange Red,,,,,,,,,,,,,,,,,,,,,,,,,,,,,,,,,,,,
 *PCD290,Redwares,Belize,Corozal,Laguna de On/Caye Coco,Zakpah Orange Red,,,,,,,,,,,,,,,,,,,,,,,,,,,,,,,,,,,,
 PCD291,Redwares,Belize,Corozal,Laguna de On/Caye Coco,Zakpah Orange Red,,,,,,,,,,,,,,,,,,,,,,,,,,,,,,,,,,,,
*PCD226,Redwares,Belize,Corozal,Laguna de On/Caye Coco,Payil Red,,,,,,,,,,,,,,,,,,,,,,,,,,,,,,,,,,,,
 * PCD228,Redwares,Belize,Corozal,Laguna de On/Caye Coco,Payil Red,,,,,,,,,,,,,,,,,,,,,,,,,,,,,,,,,,,,
 *PCD229,Redwares,Belize,Corozal,Laguna de On/Caye Coco,Payil Red,,,,,,,,,,,,,,,,,,,,,,,,,,,,,,,,,,,,
PCD230,Redwares,Belize,Corozal,Laguna de On/Caye Coco,Payil Red,,,,,,,,,,,,,,,,,,,,,,,,,,,,,,,,,,,,
 *PCD231,Redwares,Belize,Corozal,Laguna de On/Caye Coco,Payil Red,,,,,,,,,,,,,,,,,,,,,,,,,,,,,,,,,,,,
 *PCD232,Redwares,Belize,Corozal,Laguna de On/Caye Coco,Payil Red,,,,,,,,,,,,,,,,,,,,,,,,,,,,,,,,,,,,
 *PCD233,Redwares,Belize,Corozal,Laguna de On/Caye Coco,Payil Red,,,,,,,,,,,,,,,,,,,,,,,,,,,,,,,,,,,,
 *PCD235,Redwares,Belize,Corozal,Laguna de On/Caye Coco,Payil Red,,,,,,,,,,,,,,,,,,,,,,,,,,,,,,,,,,,,
"	PCD237",Redwares,Belize,Corozal,Laguna de On/Caye Coco,Payil Red,,,,,,,,,,,,,,,,,,,,,,,,,,,,,,,,,,,,
 *PCD244,Redwares,Belize,Corozal,Laguna de On/Caye Coco,Payil Red,,,,,,,,,,,,,,,,,,,,,,,,,,,,,,,,,,,,
 * PCD245,Redwares,Belize,Corozal,Laguna de On/Caye Coco,Payil Red,,,,,,,,,,,,,,,,,,,,,,,,,,,,,,,,,,,,
 *PCD249,Redwares,Belize,Corozal,Laguna de On/Caye Coco,Payil Red,,,,,,,,,,,,,,,,,,,,,,,,,,,,,,,,,,,,
 PCD250,Redwares,Belize,Corozal,Laguna de On/Caye Coco,Payil Red,,,,,,,,,,,,,,,,,,,,,,,,,,,,,,,,,,,,
 PCD251,Redwares,Belize,Corozal,Laguna de On/Caye Coco,Payil Red,,,,,,,,,,,,,,,,,,,,,,,,,,,,,,,,,,,,
 *PCD252,Redwares,Belize,Corozal,Laguna de On/Caye Coco,Payil Red,,,,,,,,,,,,,,,,,,,,,,,,,,,,,,,,,,,,
PCD253,Redwares,Belize,Corozal,Laguna de On/Caye Coco,Payil Red,,,,,,,,,,,,,,,,,,,,,,,,,,,,,,,,,,,,
 *PCD254,Redwares,Belize,Corozal,Laguna de On/Caye Coco,Payil Red,,,,,,,,,,,,,,,,,,,,,,,,,,,,,,,,,,,,
 PCD255,Redwares,Belize,Corozal,Laguna de On/Caye Coco,Payil Red,,,,,,,,,,,,,,,,,,,,,,,,,,,,,,,,,,,,
 *PCD256,Redwares,Belize,Corozal,Laguna de On/Caye Coco,Payil Red,,,,,,,,,,,,,,,,,,,,,,,,,,,,,,,,,,,,
 PCD257,Redwares,Belize,Corozal,Laguna de On/Caye Coco,Payil Red,,,,,,,,,,,,,,,,,,,,,,,,,,,,,,,,,,,,
 *PCD258,Redwares,Belize,Corozal,Laguna de On/Caye Coco,Payil Red,,,,,,,,,,,,,,,,,,,,,,,,,,,,,,,,,,,,
 PCD259,Redwares,Belize,Corozal,Laguna de On/Caye Coco,Payil Red,,,,,,,,,,,,,,,,,,,,,,,,,,,,,,,,,,,,
 *PCD260,Redwares,Belize,Corozal,Laguna de On/Caye Coco,Payil Red,,,,,,,,,,,,,,,,,,,,,,,,,,,,,,,,,,,,
 PCD278,Redwares,Belize,Corozal,Laguna de On/Caye Coco,Payil Red,,,,,,,,,,,,,,,,,,,,,,,,,,,,,,,,,,,,
 PCD279,Redwares,Belize,Corozal,Laguna de On/Caye Coco,Payil Red,,,,,,,,,,,,,,,,,,,,,,,,,,,,,,,,,,,,
 *PCD280,Redwares,Belize,Corozal,Laguna de On/Caye Coco,Payil Red,,,,,,,,,,,,,,,,,,,,,,,,,,,,,,,,,,,,
 PCD281,Redwares,Belize,Corozal,Laguna de On/Caye Coco,Payil Red,,,,,,,,,,,,,,,,,,,,,,,,,,,,,,,,,,,,
 PCD285,Redwares,Belize,Corozal,Laguna de On/Caye Coco,Payil Red,,,,,,,,,,,,,,,,,,,,,,,,,,,,,,,,,,,,
 PCD294,Redwares,Belize,Corozal,Laguna de On/Caye Coco,Payil Red,,,,,,,,,,,,,,,,,,,,,,,,,,,,,,,,,,,,
 *PCD295,Redwares,Belize,Corozal,Laguna de On/Caye Coco,Payil Red,,,,,,,,,,,,,,,,,,,,,,,,,,,,,,,,,,,,
 *PCD296,Redwares,Belize,Corozal,Laguna de On/Caye Coco,Payil Red,,,,,,,,,,,,,,,,,,,,,,,,,,,,,,,,,,,,
PCD292,Redwares,Belize,Corozal,Laguna de On/Caye Coco,Navula Red/Mama Red,,,,,,,,,,,,,,,,,,,,,,,,,,,,,,,,,,,,
*PCD239,Redwares,Belize,Corozal,Laguna de On/Caye Coco,Palmul Incised,,,,,,,,,,,,,,,,,,,,,,,,,,,,,,,,,,,,
 PCD241,Redwares,Belize,Corozal,Laguna de On/Caye Coco,Palmul Incised,,,,,,,,,,,,,,,,,,,,,,,,,,,,,,,,,,,,
 PCD262,Redwares,Belize,Corozal,Laguna de On/Caye Coco,Palmul Incised,,,,,,,,,,,,,,,,,,,,,,,,,,,,,,,,,,,,
 PCD263,Redwares,Belize,Corozal,Laguna de On/Caye Coco,Palmul Incised,,,,,,,,,,,,,,,,,,,,,,,,,,,,,,,,,,,,
 *PCD267,Redwares,Belize,Corozal,Laguna de On/Caye Coco,Palmul Incised,,,,,,,,,,,,,,,,,,,,,,,,,,,,,,,,,,,,
PCD240,Redwares,Belize,Corozal,Laguna de On/Caye Coco,Papacal Incised,,,,,,,,,,,,,,,,,,,,,,,,,,,,,,,,,,,,
PCD266,Redwares,Belize,Corozal,Laguna de On/Caye Coco,Papacal Incised,,,,,,,,,,,,,,,,,,,,,,,,,,,,,,,,,,,,
PCD311,Redwares,Belize,Corozal,Laguna de On/Caye Coco,Kik Red,,,,,,,,,,,,,,,,,,,,,,,,,,,,,,,,,,,,
 PCD315,Redwares,Belize,Corozal,Laguna de On/Caye Coco,Kik Red,,,,,,,,,,,,,,,,,,,,,,,,,,,,,,,,,,,,
 PCD316,Redwares,Belize,Corozal,Laguna de On/Caye Coco,Kik Red,,,,,,,,,,,,,,,,,,,,,,,,,,,,,,,,,,,,
 PCD317,Redwares,Belize,Corozal,Laguna de On/Caye Coco,Kik Red,,,,,,,,,,,,,,,,,,,,,,,,,,,,,,,,,,,,
PCD310,Redwares,Belize,Corozal,Laguna de On/Caye Coco,Cambells Red,,,,,,,,,,,,,,,,,,,,,,,,,,,,,,,,,,,,
*PCD309,Redwares,Belize,Corozal,Laguna de On/Caye Coco,Cambel Striated,,,,,,,,,,,,,,,,,,,,,,,,,,,,,,,,,,,,
PCD300,Redwares,Belize,Corozal,Laguna de On/Caye Coco,Caye Coco Striated,,,,,,,,,,,,,,,,,,,,,,,,,,,,,,,,,,,,
PCD303,Redwares,Belize,Corozal,Laguna de On/Caye Coco,Coco Red,,,,,,,,,,,,,,,,,,,,,,,,,,,,,,,,,,,,
PCD307,Redwares,Belize,Corozal,Laguna de On/Caye Coco,Coco Slate,,,,,,,,,,,,,,,,,,,,,,,,,,,,,,,,,,,,
*PCD301,Redwares,Belize,Corozal,Laguna de On/Caye Coco,Palmar Orange,,,,,,,,,,,,,,,,,,,,,,,,,,,,,,,,,,,,
*PCD314,Redwares,Belize,Corozal,Laguna de On/Caye Coco,Palmar Orange,,,,,,,,,,,,,,,,,,,,,,,,,,,,,,,,,,,,
PCD293,Redwares,Belize,Corozal,Laguna de On/Caye Coco,Santa Red,,,,,,,,,,,,,,,,,,,,,,,,,,,,,,,,,,,,
*PCD276,Redwares,Belize,Corozal,Laguna de On/Caye Coco,Untyped,,,,,,,,,,,,,,,,,,,,,,,,,,,,,,,,,,,,
 PCD304,Redwares,Belize,Corozal,Laguna de On/Caye Coco,Untyped,,,,,,,,,,,,,,,,,,,,,,,,,,,,,,,,,,,,
*PCD305,Redwares,Belize,Corozal,Laguna de On/Caye Coco,Untyped,,,,,,,,,,,,,,,,,,,,,,,,,,,,,,,,,,,,
PCD248,Incensarios,Belize,Corozal,Laguna de On/Caye Coco,Chen Mul,,,,,,,,,,,,,,,,,,,,,,,,,,,,,,,,,,,,
 PCD201,Incensarios,Belize,Corozal,Laguna de On/Caye Coco,Navula Unslipped,,,,,,,,,,,,,,,,,,,,,,,,,,,,,,,,,,,,
 *PCD202,Incensarios,Belize,Corozal,Laguna de On/Caye Coco,Navula Unslipped,,,,,,,,,,,,,,,,,,,,,,,,,,,,,,,,,,,,
 PCD203,Incensarios,Belize,Corozal,Laguna de On/Caye Coco,Navula Unslipped,,,,,,,,,,,,,,,,,,,,,,,,,,,,,,,,,,,,
 *PCD204,Incensarios,Belize,Corozal,Laguna de On/Caye Coco,Navula Unslipped,,,,,,,,,,,,,,,,,,,,,,,,,,,,,,,,,,,,
 PCD205,Incensarios,Belize,Corozal,Laguna de On/Caye Coco,Navula Unslipped,,,,,,,,,,,,,,,,,,,,,,,,,,,,,,,,,,,,
 PCD206,Incensarios,Belize,Corozal,Laguna de On/Caye Coco,Navula Unslipped,,,,,,,,,,,,,,,,,,,,,,,,,,,,,,,,,,,,
 PCD207,Incensarios,Belize,Corozal,Laguna de On/Caye Coco,Navula Unslipped,,,,,,,,,,,,,,,,,,,,,,,,,,,,,,,,,,,,
 PCD208,Incensarios,Belize,Corozal,Laguna de On/Caye Coco,Navula Unslipped,,,,,,,,,,,,,,,,,,,,,,,,,,,,,,,,,,,,
 PCD209,Incensarios,Belize,Corozal,Laguna de On/Caye Coco,Navula Unslipped,,,,,,,,,,,,,,,,,,,,,,,,,,,,,,,,,,,,
 *PCD212,Incensarios,Belize,Corozal,Laguna de On/Caye Coco,Navula Unslipped,,,,,,,,,,,,,,,,,,,,,,,,,,,,,,,,,,,,
 *PCD213,Incensarios,Belize,Corozal,Laguna de On/Caye Coco,Navula Unslipped,,,,,,,,,,,,,,,,,,,,,,,,,,,,,,,,,,,,
 PCD214,Incensarios,Belize,Corozal,Laguna de On/Caye Coco,Navula Unslipped,,,,,,,,,,,,,,,,,,,,,,,,,,,,,,,,,,,,
 PCD215,Incensarios,Belize,Corozal,Laguna de On/Caye Coco,Navula Unslipped,,,,,,,,,,,,,,,,,,,,,,,,,,,,,,,,,,,,
 PCD216,Incensarios,Belize,Corozal,Laguna de On/Caye Coco,Navula Unslipped,,,,,,,,,,,,,,,,,,,,,,,,,,,,,,,,,,,,
 *PCD217,Incensarios,Belize,Corozal,Laguna de On/Caye Coco,Navula Unslipped,,,,,,,,,,,,,,,,,,,,,,,,,,,,,,,,,,,,
 PCD218,Incensarios,Belize,Corozal,Laguna de On/Caye Coco,Navula Unslipped,,,,,,,,,,,,,,,,,,,,,,,,,,,,,,,,,,,,
 PCD219,Incensarios,Belize,Corozal,Laguna de On/Caye Coco,Navula Unslipped,,,,,,,,,,,,,,,,,,,,,,,,,,,,,,,,,,,,
 *PCD220,Incensarios,Belize,Corozal,Laguna de On/Caye Coco,Navula Unslipped,,,,,,,,,,,,,,,,,,,,,,,,,,,,,,,,,,,,
 PCD222,Incensarios,Belize,Corozal,Laguna de On/Caye Coco,Navula Unslipped,,,,,,,,,,,,,,,,,,,,,,,,,,,,,,,,,,,,
 PCD242,Incensarios,Belize,Corozal,Laguna de On/Caye Coco,Navula Unslipped,,,,,,,,,,,,,,,,,,,,,,,,,,,,,,,,,,,,
 *PCD246,Incensarios,Belize,Corozal,Laguna de On/Caye Coco,Navula Unslipped,,,,,,,,,,,,,,,,,,,,,,,,,,,,,,,,,,,,
 PCD268,Incensarios,Belize,Corozal,Laguna de On/Caye Coco,Navula Unslipped,,,,,,,,,,,,,,,,,,,,,,,,,,,,,,,,,,,,
 *PCD299,Incensarios,Belize,Corozal,Laguna de On/Caye Coco,Navula Unslipped,,,,,,,,,,,,,,,,,,,,,,,,,,,,,,,,,,,,
*PCD210,Incensarios,Belize,Corozal,Laguna de On/Caye Coco,Kol Modeled,,,,,,,,,,,,,,,,,,,,,,,,,,,,,,,,,,,,
 PCD211,Incensarios,Belize,Corozal,Laguna de On/Caye Coco,Kol Modeled,,,,,,,,,,,,,,,,,,,,,,,,,,,,,,,,,,,,
 * PCD223,Incensarios,Belize,Corozal,Laguna de On/Caye Coco,Kol Modeled,,,,,,,,,,,,,,,,,,,,,,,,,,,,,,,,,,,,
 PCD224,Incensarios,Belize,Corozal,Laguna de On/Caye Coco,Kol Modeled,,,,,,,,,,,,,,,,,,,,,,,,,,,,,,,,,,,,
 *PCD225,Incensarios,Belize,Corozal,Laguna de On/Caye Coco,Kol Modeled,,,,,,,,,,,,,,,,,,,,,,,,,,,,,,,,,,,,
 PCD227,Incensarios,Belize,Corozal,Laguna de On/Caye Coco,Kol Modeled,,,,,,,,,,,,,,,,,,,,,,,,,,,,,,,,,,,,
 *PCD243,Incensarios,Belize,Corozal,Laguna de On/Caye Coco,Kol Modeled,,,,,,,,,,,,,,,,,,,,,,,,,,,,,,,,,,,,
 PCD247,Incensarios,Belize,Corozal,Laguna de On/Caye Coco,Kol Modeled,,,,,,,,,,,,,,,,,,,,,,,,,,,,,,,,,,,,
 PCD269,Incensarios,Belize,Corozal,Laguna de On/Caye Coco,Kol Modeled,,,,,,,,,,,,,,,,,,,,,,,,,,,,,,,,,,,,
 *PCD270,Incensarios,Belize,Corozal,Laguna de On/Caye Coco,Kol Modeled,,,,,,,,,,,,,,,,,,,,,,,,,,,,,,,,,,,,
 PCD271,Incensarios,Belize,Corozal,Laguna de On/Caye Coco,Kol Modeled,,,,,,,,,,,,,,,,,,,,,,,,,,,,,,,,,,,,
 PCD274,Incensarios,Belize,Corozal,Laguna de On/Caye Coco,Kol Modeled,,,,,,,,,,,,,,,,,,,,,,,,,,,,,,,,,,,,
 PCD275,Incensarios,Belize,Corozal,Laguna de On/Caye Coco,Kol Modeled,,,,,,,,,,,,,,,,,,,,,,,,,,,,,,,,,,,,
 PCD277,Incensarios,Belize,Corozal,Laguna de On/Caye Coco,Kol Modeled,,,,,,,,,,,,,,,,,,,,,,,,,,,,,,,,,,,,
 PCD282,Incensarios,Belize,Corozal,Laguna de On/Caye Coco,Kol Modeled,,,,,,,,,,,,,,,,,,,,,,,,,,,,,,,,,,,,
 *PCD283,Incensarios,Belize,Corozal,Laguna de On/Caye Coco,Kol Modeled,,,,,,,,,,,,,,,,,,,,,,,,,,,,,,,,,,,,
 PCD284,Incensarios,Belize,Corozal,Laguna de On/Caye Coco,Kol Modeled,,,,,,,,,,,,,,,,,,,,,,,,,,,,,,,,,,,,
PCD312,Incensarios,Belize,Corozal,Laguna de On/Caye Coco,Encanto Striated,,,,,,,,,,,,,,,,,,,,,,,,,,,,,,,,,,,,
PCD308,Incensarios,Belize,Corozal,Laguna de On/Caye Coco,Fresh Water Creek Striated,,,,,,,,,,,,,,,,,,,,,,,,,,,,,,,,,,,,
PCD302,Incensarios,Belize,Corozal,Laguna de On/Caye Coco,Piste Striated,,,,,,,,,,,,,,,,,,,,,,,,,,,,,,,,,,,,
PCD313,Incensarios,Belize,Corozal,Laguna de On/Caye Coco,Progresso Striated,,,,,,,,,,,,,,,,,,,,,,,,,,,,,,,,,,,,
PCD297,Incensarios,Belize,Corozal,Laguna de On/Caye Coco,Santa Unslipped,,,,,,,,,,,,,,,,,,,,,,,,,,,,,,,,,,,,
PCD298,Incensarios,Belize,Corozal,Laguna de On/Caye Coco,Santa Unslipped,,,,,,,,,,,,,,,,,,,,,,,,,,,,,,,,,,,,
*PCD221,Incensarios,Belize,Corozal,Laguna de On/Caye Coco,Tsabak Unslipped,,,,,,,,,,,,,,,,,,,,,,,,,,,,,,,,,,,,
 PCD272,Incensarios,Belize,Corozal,Laguna de On/Caye Coco,Tsabak Unslipped,,,,,,,,,,,,,,,,,,,,,,,,,,,,,,,,,,,,
 *PCD273,Incensarios,Belize,Corozal,Laguna de On/Caye Coco,Tsabak Unslipped,,,,,,,,,,,,,,,,,,,,,,,,,,,,,,,,,,,,
 PCD286,Incensarios,Belize,Corozal,Laguna de On/Caye Coco,Tsabak Unslipped,,,,,,,,,,,,,,,,,,,,,,,,,,,,,,,,,,,,
 PCD288,Incensarios,Belize,Corozal,Laguna de On/Caye Coco,Tsabak Unslipped,,,,,,,,,,,,,,,,,,,,,,,,,,,,,,,,,,,,
*PCD318,Incensarios,Belize,Corozal,Laguna de On/Caye Coco,Clays,,,,,,,,,,,,,,,,,,,,,,,,,,,,,,,,,,,,
 *PCD319,Incensarios,Belize,Corozal,Laguna de On/Caye Coco,Clays,,,,,,,,,,,,,,,,,,,,,,,,,,,,,,,,,,,,
 *PCD320,Incensarios,Belize,Corozal,Laguna de On/Caye Coco,Clays,,,,,,,,,,,,,,,,,,,,,,,,,,,,,,,,,,,,
 *PCD321,Incensarios,Belize,Corozal,Laguna de On/Caye Coco,Clays,,,,,,,,,,,,,,,,,,,,,,,,,,,,,,,,,,,,
 *PCD322,Incensarios,Belize,Corozal,Laguna de On/Caye Coco,Clays,,,,,,,,,,,,,,,,,,,,,,,,,,,,,,,,,,,,
 *PCD323,Incensarios,Belize,Corozal,Laguna de On/Caye Coco,Clays,,,,,,,,,,,,,,,,,,,,,,,,,,,,,,,,,,,,
 *PCD324,Incensarios,Belize,Corozal,Laguna de On/Caye Coco,Clays,,,,,,,,,,,,,,,,,,,,,,,,,,,,,,,,,,,,
 *PCD325,Incensarios,Belize,Corozal,Laguna de On/Caye Coco,Clays,,,,,,,,,,,,,,,,,,,,,,,,,,,,,,,,,,,,
 *PCD326,Incensarios,Belize,Corozal,Laguna de On/Caye Coco,Clays,,,,,,,,,,,,,,,,,,,,,,,,,,,,,,,,,,,,
 *PCD327,Incensarios,Belize,Corozal,Laguna de On/Caye Coco,Clays,,,,,,,,,,,,,,,,,,,,,,,,,,,,,,,,,,,,
 *PCD328,Incensarios,Belize,Corozal,Laguna de On/Caye Coco,Clays,,,,,,,,,,,,,,,,,,,,,,,,,,,,,,,,,,,,
 *PCD329,Incensarios,Belize,Corozal,Laguna de On/Caye Coco,Clays,,,,,,,,,,,,,,,,,,,,,,,,,,,,,,,,,,,,
 *PCD330,Incensarios,Belize,Corozal,Laguna de On/Caye Coco,Clays,,,,,,,,,,,,,,,,,,,,,,,,,,,,,,,,,,,,
 *PCD331,Incensarios,Belize,Corozal,Laguna de On/Caye Coco,Clays,,,,,,,,,,,,,,,,,,,,,,,,,,,,,,,,,,,,
 *PCD332,Incensarios,Belize,Corozal,Laguna de On/Caye Coco,Clays,,,,,,,,,,,,,,,,,,,,,,,,,,,,,,,,,,,,
 *PCD333,Incensarios,Belize,Corozal,Laguna de On/Caye Coco,Clays,,,,,,,,,,,,,,,,,,,,,,,,,,,,,,,,,,,,
 PCD334,Incensarios,Belize,Corozal,Laguna de On/Caye Coco,Clays,,,,,,,,,,,,,,,,,,,,,,,,,,,,,,,,,,,,
 PCD335,Incensarios,Belize,Corozal,Laguna de On/Caye Coco,Clays,,,,,,,,,,,,,,,,,,,,,,,,,,,,,,,,,,,,
 *PCD336,Incensarios,Belize,Corozal,Laguna de On/Caye Coco,Clays,,,,,,,,,,,,,,,,,,,,,,,,,,,,,,,,,,,,
PCD1260,Redwares,Guatemala,Peten,Macanché Island,Ixpop Polychrome,,,,,,,,,,,,,,,,,,,,,,,,,,,,,,,,,,,,
 PCD1261,Redwares,Guatemala,Peten,Macanché Island,Ixpop Polychrome,,,,,,,,,,,,,,,,,,,,,,,,,,,,,,,,,,,,
 *PCD1262,Redwares,Guatemala,Peten,Macanché Island,Ixpop Polychrome,,,,,,,,,,,,,,,,,,,,,,,,,,,,,,,,,,,,
 PCD1263,Redwares,Guatemala,Peten,Macanché Island,Ixpop Polychrome,,,,,,,,,,,,,,,,,,,,,,,,,,,,,,,,,,,,
 PCD1264,Redwares,Guatemala,Peten,Macanché Island,Ixpop Polychrome,,,,,,,,,,,,,,,,,,,,,,,,,,,,,,,,,,,,
 PCD1265,Redwares,Guatemala,Peten,Macanché Island,Ixpop Polychrome,,,,,,,,,,,,,,,,,,,,,,,,,,,,,,,,,,,,
 PCD1266,Redwares,Guatemala,Peten,Macanché Island,Ixpop Polychrome,,,,,,,,,,,,,,,,,,,,,,,,,,,,,,,,,,,,
 PCD1267,Redwares,Guatemala,Peten,Macanché Island,Ixpop Polychrome,,,,,,,,,,,,,,,,,,,,,,,,,,,,,,,,,,,,
 *PCD1268,Redwares,Guatemala,Peten,Macanché Island,Ixpop Polychrome,,,,,,,,,,,,,,,,,,,,,,,,,,,,,,,,,,,,
 PCD1269,Redwares,Guatemala,Peten,Macanché Island,Ixpop Polychrome,,,,,,,,,,,,,,,,,,,,,,,,,,,,,,,,,,,,
 *PCD1270,Redwares,Guatemala,Peten,Macanché Island,Ixpop Polychrome,,,,,,,,,,,,,,,,,,,,,,,,,,,,,,,,,,,,
 PCD1271,Redwares,Guatemala,Peten,Macanché Island,Ixpop Polychrome,,,,,,,,,,,,,,,,,,,,,,,,,,,,,,,,,,,,
 PCD1272,Redwares,Guatemala,Peten,Macanché Island,Ixpop Polychrome,,,,,,,,,,,,,,,,,,,,,,,,,,,,,,,,,,,,
 PCD1273,Redwares,Guatemala,Peten,Macanché Island,Ixpop Polychrome,,,,,,,,,,,,,,,,,,,,,,,,,,,,,,,,,,,,
 PCD1274,Redwares,Guatemala,Peten,Macanché Island,Ixpop Polychrome,,,,,,,,,,,,,,,,,,,,,,,,,,,,,,,,,,,,
 PCD1275,Redwares,Guatemala,Peten,Macanché Island,Ixpop Polychrome,,,,,,,,,,,,,,,,,,,,,,,,,,,,,,,,,,,,
 PCD1276,Redwares,Guatemala,Peten,Macanché Island,Ixpop Polychrome,,,,,,,,,,,,,,,,,,,,,,,,,,,,,,,,,,,,
 PCD1277,Redwares,Guatemala,Peten,Macanché Island,Ixpop Polychrome,,,,,,,,,,,,,,,,,,,,,,,,,,,,,,,,,,,,
 *PCD1278,Redwares,Guatemala,Peten,Macanché Island,Ixpop Polychrome,,,,,,,,,,,,,,,,,,,,,,,,,,,,,,,,,,,,
 PCD1279 ,Redwares,Guatemala,Peten,Macanché Island,Ixpop Polychrome,,,,,,,,,,,,,,,,,,,,,,,,,,,,,,,,,,,,
*PCD1201,Redwares,Guatemala,Peten,Macanché Island,Sacá Polychrome,,,,,,,,,,,,,,,,,,,,,,,,,,,,,,,,,,,,
 PCD1203,Redwares,Guatemala,Peten,Macanché Island,Sacá Polychrome,,,,,,,,,,,,,,,,,,,,,,,,,,,,,,,,,,,,
 PCD1213,Redwares,Guatemala,Peten,Macanché Island,Sacá Polychrome,,,,,,,,,,,,,,,,,,,,,,,,,,,,,,,,,,,,
 PCD1214,Redwares,Guatemala,Peten,Macanché Island,Sacá Polychrome,,,,,,,,,,,,,,,,,,,,,,,,,,,,,,,,,,,,
 PCD1215,Redwares,Guatemala,Peten,Macanché Island,Sacá Polychrome,,,,,,,,,,,,,,,,,,,,,,,,,,,,,,,,,,,,
 PCD1217,Redwares,Guatemala,Peten,Macanché Island,Sacá Polychrome,,,,,,,,,,,,,,,,,,,,,,,,,,,,,,,,,,,,
PCD1200,Redwares,Guatemala,Peten,Macanché Island,Macanché Red-on-paste,,,,,,,,,,,,,,,,,,,,,,,,,,,,,,,,,,,,
 PCD1202,Redwares,Guatemala,Peten,Macanché Island,Macanché Red-on-paste,,,,,,,,,,,,,,,,,,,,,,,,,,,,,,,,,,,,
 *PCD1205,Redwares,Guatemala,Peten,Macanché Island,Macanché Red-on-paste,,,,,,,,,,,,,,,,,,,,,,,,,,,,,,,,,,,,
 PCD1206,Redwares,Guatemala,Peten,Macanché Island,Macanché Red-on-paste,,,,,,,,,,,,,,,,,,,,,,,,,,,,,,,,,,,,
 PCD1207,Redwares,Guatemala,Peten,Macanché Island,Macanché Red-on-paste,,,,,,,,,,,,,,,,,,,,,,,,,,,,,,,,,,,,
 PCD1208,Redwares,Guatemala,Peten,Macanché Island,Macanché Red-on-paste,,,,,,,,,,,,,,,,,,,,,,,,,,,,,,,,,,,,
 PCD1219,Redwares,Guatemala,Peten,Macanché Island,Macanché Red-on-paste,,,,,,,,,,,,,,,,,,,,,,,,,,,,,,,,,,,,
PCD1188,Redwares,Guatemala,Peten,Macanché Island,Picú Incised: Picú Variety,,,,,,,,,,,,,,,,,,,,,,,,,,,,,,,,,,,,
PCD1192,Redwares,Guatemala,Peten,Macanché Island,Picú Incised: Picú Variety,,,,,,,,,,,,,,,,,,,,,,,,,,,,,,,,,,,,
PCD1204,Redwares,Guatemala,Peten,Macanché Island,Picú Incised: Picú Variety,,,,,,,,,,,,,,,,,,,,,,,,,,,,,,,,,,,,
*PCD1186,Redwares,Guatemala,Peten,Macanché Island,Picú Incised: Thub Variety,,,,,,,,,,,,,,,,,,,,,,,,,,,,,,,,,,,,
PCD1187,Redwares,Guatemala,Peten,Macanché Island,Picú Incised: Thub Variety,,,,,,,,,,,,,,,,,,,,,,,,,,,,,,,,,,,,
PCD1283,Redwares,Guatemala,Peten,Macanché Island,Fulano Black,,,,,,,,,,,,,,,,,,,,,,,,,,,,,,,,,,,,
PCD1287,Redwares,Guatemala,Peten,Macanché Island,Fulano Black,,,,,,,,,,,,,,,,,,,,,,,,,,,,,,,,,,,,
PCD1288,Redwares,Guatemala,Peten,Macanché Island,Fulano Black,,,,,,,,,,,,,,,,,,,,,,,,,,,,,,,,,,,,
PCD1280,Redwares,Guatemala,Peten,Macanché Island,Sotano Red-on-paste,,,,,,,,,,,,,,,,,,,,,,,,,,,,,,,,,,,,
 PCD1281,Redwares,Guatemala,Peten,Macanché Island,Sotano Red-on-paste,,,,,,,,,,,,,,,,,,,,,,,,,,,,,,,,,,,,
 PCD1282,Redwares,Guatemala,Peten,Macanché Island,Sotano Red-on-paste,,,,,,,,,,,,,,,,,,,,,,,,,,,,,,,,,,,,
 *PCD1289,Redwares,Guatemala,Peten,Macanché Island,Sotano Red-on-paste,,,,,,,,,,,,,,,,,,,,,,,,,,,,,,,,,,,,
 PCD1284,Redwares,Guatemala,Peten,Macanché Island,Mengano Incised,,,,,,,,,,,,,,,,,,,,,,,,,,,,,,,,,,,,
 PCD1285,Redwares,Guatemala,Peten,Macanché Island,Mengano Incised,,,,,,,,,,,,,,,,,,,,,,,,,,,,,,,,,,,,
 PCD1286,Redwares,Guatemala,Peten,Macanché Island,Mengano Incised,,,,,,,,,,,,,,,,,,,,,,,,,,,,,,,,,,,,
 PCD1191,Redwares,Guatemala,Peten,Macanché Island,Trapeche Pink,,,,,,,,,,,,,,,,,,,,,,,,,,,,,,,,,,,,
 PCD1218,Redwares,Guatemala,Peten,Macanché Island,Trapeche Pink,,,,,,,,,,,,,,,,,,,,,,,,,,,,,,,,,,,,
 PCD1312,Redwares,Guatemala,Peten,Macanché Island,Trapeche Pink,,,,,,,,,,,,,,,,,,,,,,,,,,,,,,,,,,,,
 PCD1323,Redwares,Guatemala,Peten,Macanché Island,Trapeche Pink,,,,,,,,,,,,,,,,,,,,,,,,,,,,,,,,,,,,
 *PCD1329,Redwares,Guatemala,Peten,Macanché Island,Trapeche Pink,,,,,,,,,,,,,,,,,,,,,,,,,,,,,,,,,,,,
 *PCD1330,Redwares,Guatemala,Peten,Macanché Island,Trapeche Pink,,,,,,,,,,,,,,,,,,,,,,,,,,,,,,,,,,,,
 *PCD1331,Redwares,Guatemala,Peten,Macanché Island,Trapeche Pink,,,,,,,,,,,,,,,,,,,,,,,,,,,,,,,,,,,,
 *PCD1332,Redwares,Guatemala,Peten,Macanché Island,Trapeche Pink,,,,,,,,,,,,,,,,,,,,,,,,,,,,,,,,,,,,
 PCD1335,Redwares,Guatemala,Peten,Macanché Island,Trapeche Pink,,,,,,,,,,,,,,,,,,,,,,,,,,,,,,,,,,,,
 *PCD1336,Redwares,Guatemala,Peten,Macanché Island,Trapeche Pink,,,,,,,,,,,,,,,,,,,,,,,,,,,,,,,,,,,,
 *PCD1337,Redwares,Guatemala,Peten,Macanché Island,Trapeche Pink,,,,,,,,,,,,,,,,,,,,,,,,,,,,,,,,,,,,
 *PCD1338,Redwares,Guatemala,Peten,Macanché Island,Trapeche Pink,,,,,,,,,,,,,,,,,,,,,,,,,,,,,,,,,,,,
 PCD1339,Redwares,Guatemala,Peten,Macanché Island,Trapeche Pink,,,,,,,,,,,,,,,,,,,,,,,,,,,,,,,,,,,,
 PCD1212,Redwares,Guatemala,Peten,Macanché Island,Picté Red-on-paste,,,,,,,,,,,,,,,,,,,,,,,,,,,,,,,,,,,,
 PCD1216,Redwares,Guatemala,Peten,Macanché Island,Picté Red-on-paste,,,,,,,,,,,,,,,,,,,,,,,,,,,,,,,,,,,,
 PCD1297,Redwares,Guatemala,Peten,Macanché Island,Picté Red-on-paste,,,,,,,,,,,,,,,,,,,,,,,,,,,,,,,,,,,,
 PCD1311,Redwares,Guatemala,Peten,Macanché Island,Xuluc Incised:Ain Variety,,,,,,,,,,,,,,,,,,,,,,,,,,,,,,,,,,,,
 PCD1314,Redwares,Guatemala,Peten,Macanché Island,Xuluc Incised:Ain Variety,,,,,,,,,,,,,,,,,,,,,,,,,,,,,,,,,,,,
 PCD1316,Redwares,Guatemala,Peten,Macanché Island,Xuluc Incised:Ain Variety,,,,,,,,,,,,,,,,,,,,,,,,,,,,,,,,,,,,
 *PCD1317,Redwares,Guatemala,Peten,Macanché Island,Xuluc Incised:Ain Variety,,,,,,,,,,,,,,,,,,,,,,,,,,,,,,,,,,,,
 PCD1318,Redwares,Guatemala,Peten,Macanché Island,Xuluc Incised:Ain Variety,,,,,,,,,,,,,,,,,,,,,,,,,,,,,,,,,,,,
 PCD1319,Redwares,Guatemala,Peten,Macanché Island,Xuluc Incised:Ain Variety,,,,,,,,,,,,,,,,,,,,,,,,,,,,,,,,,,,,
 PCD1310,Redwares,Guatemala,Peten,Macanché Island,Xuluc Incised:Tzalam Variety,,,,,,,,,,,,,,,,,,,,,,,,,,,,,,,,,,,,
 PCD1313,Redwares,Guatemala,Peten,Macanché Island,Xuluc Incised:Tzalam Variety,,,,,,,,,,,,,,,,,,,,,,,,,,,,,,,,,,,,
 *PCD1314,Redwares,Guatemala,Peten,Macanché Island,Xuluc Incised:Tzalam Variety,,,,,,,,,,,,,,,,,,,,,,,,,,,,,,,,,,,,
 PCD1290,Redwares,Guatemala,Peten,Macanché Island,Mul Polychrome,,,,,,,,,,,,,,,,,,,,,,,,,,,,,,,,,,,,
 PCD1291,Redwares,Guatemala,Peten,Macanché Island,Mul Polychrome,,,,,,,,,,,,,,,,,,,,,,,,,,,,,,,,,,,,
 PCD1292,Redwares,Guatemala,Peten,Macanché Island,Mul Polychrome,,,,,,,,,,,,,,,,,,,,,,,,,,,,,,,,,,,,
 PCD1293,Redwares,Guatemala,Peten,Macanché Island,Mul Polychrome,,,,,,,,,,,,,,,,,,,,,,,,,,,,,,,,,,,,
 PCD1294,Redwares,Guatemala,Peten,Macanché Island,Mul Polychrome,,,,,,,,,,,,,,,,,,,,,,,,,,,,,,,,,,,,
 *PCD1295,Redwares,Guatemala,Peten,Macanché Island,Mul Polychrome,,,,,,,,,,,,,,,,,,,,,,,,,,,,,,,,,,,,
 PCD1296,Redwares,Guatemala,Peten,Macanché Island,Mul Polychrome,,,,,,,,,,,,,,,,,,,,,,,,,,,,,,,,,,,,
 PCD1298,Redwares,Guatemala,Peten,Macanché Island,Mul Polychrome,,,,,,,,,,,,,,,,,,,,,,,,,,,,,,,,,,,,
 PCD1299,Redwares,Guatemala,Peten,Macanché Island,Mul Polychrome,,,,,,,,,,,,,,,,,,,,,,,,,,,,,,,,,,,,
 PCD1300,Redwares,Guatemala,Peten,Macanché Island,Mul Polychrome,,,,,,,,,,,,,,,,,,,,,,,,,,,,,,,,,,,,
 PCD1301,Redwares,Guatemala,Peten,Macanché Island,Mul Polychrome,,,,,,,,,,,,,,,,,,,,,,,,,,,,,,,,,,,,
 PCD1302,Redwares,Guatemala,Peten,Macanché Island,Mul Polychrome,,,,,,,,,,,,,,,,,,,,,,,,,,,,,,,,,,,,
 PCD1303,Redwares,Guatemala,Peten,Macanché Island,Mul Polychrome,,,,,,,,,,,,,,,,,,,,,,,,,,,,,,,,,,,,
 PCD1304,Redwares,Guatemala,Peten,Macanché Island,Mul Polychrome,,,,,,,,,,,,,,,,,,,,,,,,,,,,,,,,,,,,
 *PCD1305,Redwares,Guatemala,Peten,Macanché Island,Mul Polychrome,,,,,,,,,,,,,,,,,,,,,,,,,,,,,,,,,,,,
 PCD1306,Redwares,Guatemala,Peten,Macanché Island,Mul Polychrome,,,,,,,,,,,,,,,,,,,,,,,,,,,,,,,,,,,,
 PCD1307,Redwares,Guatemala,Peten,Macanché Island,Mul Polychrome,,,,,,,,,,,,,,,,,,,,,,,,,,,,,,,,,,,,
 PCD1308,Redwares,Guatemala,Peten,Macanché Island,Mul Polychrome,,,,,,,,,,,,,,,,,,,,,,,,,,,,,,,,,,,,
 *PCD1309,Redwares,Guatemala,Peten,Macanché Island,Mul Polychrome,,,,,,,,,,,,,,,,,,,,,,,,,,,,,,,,,,,,
 *PCD1320,Redwares,Guatemala,Peten,Macanché Island,Mul Polychrome,,,,,,,,,,,,,,,,,,,,,,,,,,,,,,,,,,,,
 PCD1321,Redwares,Guatemala,Peten,Macanché Island,Mul Polychrome,,,,,,,,,,,,,,,,,,,,,,,,,,,,,,,,,,,,
 PCD1322,Redwares,Guatemala,Peten,Macanché Island,Mul Polychrome,,,,,,,,,,,,,,,,,,,,,,,,,,,,,,,,,,,,
 *PCD1324,Redwares,Guatemala,Peten,Macanché Island,Mul Polychrome,,,,,,,,,,,,,,,,,,,,,,,,,,,,,,,,,,,,
 PCD1325,Redwares,Guatemala,Peten,Macanché Island,Mul Polychrome,,,,,,,,,,,,,,,,,,,,,,,,,,,,,,,,,,,,
 PCD1326,Redwares,Guatemala,Peten,Macanché Island,Mul Polychrome,,,,,,,,,,,,,,,,,,,,,,,,,,,,,,,,,,,,
 PCD1327,Redwares,Guatemala,Peten,Macanché Island,Mul Polychrome,,,,,,,,,,,,,,,,,,,,,,,,,,,,,,,,,,,,
 *PCD1328,Redwares,Guatemala,Peten,Macanché Island,Mul Polychrome,,,,,,,,,,,,,,,,,,,,,,,,,,,,,,,,,,,,
 PCD1189,Redwares,Guatemala,Peten,Macanché Island,Topoxté Red,,,,,,,,,,,,,,,,,,,,,,,,,,,,,,,,,,,,
 PCD1194,Redwares,Guatemala,Peten,Macanché Island,Topoxté Red,,,,,,,,,,,,,,,,,,,,,,,,,,,,,,,,,,,,
 PCD1195,Redwares,Guatemala,Peten,Macanché Island,Topoxté Red,,,,,,,,,,,,,,,,,,,,,,,,,,,,,,,,,,,,
 PCD1196,Redwares,Guatemala,Peten,Macanché Island,Topoxté Red,,,,,,,,,,,,,,,,,,,,,,,,,,,,,,,,,,,,
 PCD1197,Redwares,Guatemala,Peten,Macanché Island,Topoxté Red,,,,,,,,,,,,,,,,,,,,,,,,,,,,,,,,,,,,
 PCD1198,Redwares,Guatemala,Peten,Macanché Island,Topoxté Red,,,,,,,,,,,,,,,,,,,,,,,,,,,,,,,,,,,,
 PCD1199,Redwares,Guatemala,Peten,Macanché Island,Topoxté Red,,,,,,,,,,,,,,,,,,,,,,,,,,,,,,,,,,,,
 PCD1220,Redwares,Guatemala,Peten,Macanché Island,Topoxté Red,,,,,,,,,,,,,,,,,,,,,,,,,,,,,,,,,,,,
 *PCD1221,Redwares,Guatemala,Peten,Macanché Island,Topoxté Red,,,,,,,,,,,,,,,,,,,,,,,,,,,,,,,,,,,,
 PCD1222,Redwares,Guatemala,Peten,Macanché Island,Topoxté Red,,,,,,,,,,,,,,,,,,,,,,,,,,,,,,,,,,,,
 PCD1223,Redwares,Guatemala,Peten,Macanché Island,Topoxté Red,,,,,,,,,,,,,,,,,,,,,,,,,,,,,,,,,,,,
 PCD1224,Redwares,Guatemala,Peten,Macanché Island,Topoxté Red,,,,,,,,,,,,,,,,,,,,,,,,,,,,,,,,,,,,
 PCD1225,Redwares,Guatemala,Peten,Macanché Island,Topoxté Red,,,,,,,,,,,,,,,,,,,,,,,,,,,,,,,,,,,,
 PCD1227,Redwares,Guatemala,Peten,Macanché Island,Topoxté Red,,,,,,,,,,,,,,,,,,,,,,,,,,,,,,,,,,,,
 PCD1228,Redwares,Guatemala,Peten,Macanché Island,Topoxté Red,,,,,,,,,,,,,,,,,,,,,,,,,,,,,,,,,,,,
 PCD1229,Redwares,Guatemala,Peten,Macanché Island,Topoxté Red,,,,,,,,,,,,,,,,,,,,,,,,,,,,,,,,,,,,
 PCD1250,Redwares,Guatemala,Peten,Macanché Island,Topoxté Red,,,,,,,,,,,,,,,,,,,,,,,,,,,,,,,,,,,,
 *PCD1251,Redwares,Guatemala,Peten,Macanché Island,Topoxté Red,,,,,,,,,,,,,,,,,,,,,,,,,,,,,,,,,,,,
 PCD1252,Redwares,Guatemala,Peten,Macanché Island,Topoxté Red,,,,,,,,,,,,,,,,,,,,,,,,,,,,,,,,,,,,
 PCD1253,Redwares,Guatemala,Peten,Macanché Island,Topoxté Red,,,,,,,,,,,,,,,,,,,,,,,,,,,,,,,,,,,,
 PCD1254,Redwares,Guatemala,Peten,Macanché Island,Topoxté Red,,,,,,,,,,,,,,,,,,,,,,,,,,,,,,,,,,,,
 *PCD1255,Redwares,Guatemala,Peten,Macanché Island,Topoxté Red,,,,,,,,,,,,,,,,,,,,,,,,,,,,,,,,,,,,
 PCD1256,Redwares,Guatemala,Peten,Macanché Island,Topoxté Red,,,,,,,,,,,,,,,,,,,,,,,,,,,,,,,,,,,,
 PCD1257,Redwares,Guatemala,Peten,Macanché Island,Topoxté Red,,,,,,,,,,,,,,,,,,,,,,,,,,,,,,,,,,,,
 PCD1258,Redwares,Guatemala,Peten,Macanché Island,Topoxté Red,,,,,,,,,,,,,,,,,,,,,,,,,,,,,,,,,,,,
 PCD1259,Redwares,Guatemala,Peten,Macanché Island,Topoxté Red,,,,,,,,,,,,,,,,,,,,,,,,,,,,,,,,,,,,
 PCD1231,Redwares,Guatemala,Peten,Macanché Island,Pastel Polychrome,,,,,,,,,,,,,,,,,,,,,,,,,,,,,,,,,,,,
 PCD1232,Redwares,Guatemala,Peten,Macanché Island,Pastel Polychrome,,,,,,,,,,,,,,,,,,,,,,,,,,,,,,,,,,,,
 PCD1193,Redwares,Guatemala,Peten,Macanché Island,Chompoxté Red-on-paste: Akalché Variety,,,,,,,,,,,,,,,,,,,,,,,,,,,,,,,,,,,,
 PCD1238,Redwares,Guatemala,Peten,Macanché Island,Chompoxté Red-on-paste: Akalché Variety,,,,,,,,,,,,,,,,,,,,,,,,,,,,,,,,,,,,
 PCD1241,Redwares,Guatemala,Peten,Macanché Island,Chompoxté Red-on-paste: Akalché Variety,,,,,,,,,,,,,,,,,,,,,,,,,,,,,,,,,,,,
 PCD1242,Redwares,Guatemala,Peten,Macanché Island,Chompoxté Red-on-paste: Akalché Variety,,,,,,,,,,,,,,,,,,,,,,,,,,,,,,,,,,,,
 PCD1243,Redwares,Guatemala,Peten,Macanché Island,Chompoxté Red-on-paste: Akalché Variety,,,,,,,,,,,,,,,,,,,,,,,,,,,,,,,,,,,,
 PCD1244,Redwares,Guatemala,Peten,Macanché Island,Chompoxté Red-on-paste: Akalché Variety,,,,,,,,,,,,,,,,,,,,,,,,,,,,,,,,,,,,
 PCD1245,Redwares,Guatemala,Peten,Macanché Island,Chompoxté Red-on-paste: Akalché Variety,,,,,,,,,,,,,,,,,,,,,,,,,,,,,,,,,,,,
 PCD1246,Redwares,Guatemala,Peten,Macanché Island,Chompoxté Red-on-paste: Akalché Variety,,,,,,,,,,,,,,,,,,,,,,,,,,,,,,,,,,,,
 PCD1247,Redwares,Guatemala,Peten,Macanché Island,Chompoxté Red-on-paste: Akalché Variety,,,,,,,,,,,,,,,,,,,,,,,,,,,,,,,,,,,,
 PCD1248,Redwares,Guatemala,Peten,Macanché Island,Chompoxté Red-on-paste: Akalché Variety,,,,,,,,,,,,,,,,,,,,,,,,,,,,,,,,,,,,
 PCD1249,Redwares,Guatemala,Peten,Macanché Island,Chompoxté Red-on-paste: Akalché Variety,,,,,,,,,,,,,,,,,,,,,,,,,,,,,,,,,,,,
 PCD1233,Redwares,Guatemala,Peten,Macanché Island,Chompoxté Red-on-paste: Chompoxté Variety,,,,,,,,,,,,,,,,,,,,,,,,,,,,,,,,,,,,
 PCD1234,Redwares,Guatemala,Peten,Macanché Island,Chompoxté Red-on-paste: Chompoxté Variety,,,,,,,,,,,,,,,,,,,,,,,,,,,,,,,,,,,,
 PCD1235,Redwares,Guatemala,Peten,Macanché Island,Chompoxté Red-on-paste: Chompoxté Variety,,,,,,,,,,,,,,,,,,,,,,,,,,,,,,,,,,,,
 PCD1236,Redwares,Guatemala,Peten,Macanché Island,Chompoxté Red-on-paste: Chompoxté Variety,,,,,,,,,,,,,,,,,,,,,,,,,,,,,,,,,,,,
 PCD1237,Redwares,Guatemala,Peten,Macanché Island,Chompoxté Red-on-paste: Chompoxté Variety,,,,,,,,,,,,,,,,,,,,,,,,,,,,,,,,,,,,
 PCD1239,Redwares,Guatemala,Peten,Macanché Island,Chompoxté Red-on-paste: Chompoxté Variety,,,,,,,,,,,,,,,,,,,,,,,,,,,,,,,,,,,,
 *PCD1240,Redwares,Guatemala,Peten,Macanché Island,Chompoxté Red-on-paste: Chompoxté Variety,,,,,,,,,,,,,,,,,,,,,,,,,,,,,,,,,,,,
 PCD1230,Redwares,Guatemala,Peten,Macanché Island,Dulces Incised,,,,,,,,,,,,,,,,,,,,,,,,,,,,,,,,,,,,
PCD1171,Incensarios,Guatemala,Peten,Macanché Island,Chaman Modeled,,,,,,,,,,,,,,,,,,,,,,,,,,,,,,,,,,,,
 *PCD1172,Incensarios,Guatemala,Peten,Macanché Island,Chaman Modeled,,,,,,,,,,,,,,,,,,,,,,,,,,,,,,,,,,,,
 PCD1173,Incensarios,Guatemala,Peten,Macanché Island,Chaman Modeled,,,,,,,,,,,,,,,,,,,,,,,,,,,,,,,,,,,,
 PCD1174,Incensarios,Guatemala,Peten,Macanché Island,Chaman Modeled,,,,,,,,,,,,,,,,,,,,,,,,,,,,,,,,,,,,
 PCD1175,Incensarios,Guatemala,Peten,Macanché Island,Chaman Modeled,,,,,,,,,,,,,,,,,,,,,,,,,,,,,,,,,,,,
 PCD1209,Incensarios,Guatemala,Peten,Macanché Island,Chaman Modeled,,,,,,,,,,,,,,,,,,,,,,,,,,,,,,,,,,,,
 *PCD1210,Incensarios,Guatemala,Peten,Macanché Island,Chaman Modeled,,,,,,,,,,,,,,,,,,,,,,,,,,,,,,,,,,,,
 PCD1211,Incensarios,Guatemala,Peten,Macanché Island,Chaman Modeled,,,,,,,,,,,,,,,,,,,,,,,,,,,,,,,,,,,,
 PCD1142,Incensarios,Guatemala,Peten,Macanché Island,Gotas Composite,,,,,,,,,,,,,,,,,,,,,,,,,,,,,,,,,,,,
 PCD1143,Incensarios,Guatemala,Peten,Macanché Island,Gotas Composite,,,,,,,,,,,,,,,,,,,,,,,,,,,,,,,,,,,,
 PCD1144,Incensarios,Guatemala,Peten,Macanché Island,Gotas Composite,,,,,,,,,,,,,,,,,,,,,,,,,,,,,,,,,,,,
 PCD1145,Incensarios,Guatemala,Peten,Macanché Island,Gotas Composite,,,,,,,,,,,,,,,,,,,,,,,,,,,,,,,,,,,,
 PCD1146,Incensarios,Guatemala,Peten,Macanché Island,Gotas Composite,,,,,,,,,,,,,,,,,,,,,,,,,,,,,,,,,,,,
 *PCD1147,Incensarios,Guatemala,Peten,Macanché Island,Gotas Composite,,,,,,,,,,,,,,,,,,,,,,,,,,,,,,,,,,,,
 *PCD1156,Incensarios,Guatemala,Peten,Macanché Island,Idolos Modeled,,,,,,,,,,,,,,,,,,,,,,,,,,,,,,,,,,,,
 PCD1157,Incensarios,Guatemala,Peten,Macanché Island,Idolos Modeled,,,,,,,,,,,,,,,,,,,,,,,,,,,,,,,,,,,,
 PCD1158,Incensarios,Guatemala,Peten,Macanché Island,Idolos Modeled,,,,,,,,,,,,,,,,,,,,,,,,,,,,,,,,,,,,
 *PCD1159,Incensarios,Guatemala,Peten,Macanché Island,Idolos Modeled,,,,,,,,,,,,,,,,,,,,,,,,,,,,,,,,,,,,
 PCD1176,Incensarios,Guatemala,Peten,Macanché Island,Idolos Modeled,,,,,,,,,,,,,,,,,,,,,,,,,,,,,,,,,,,,
 PCD1177,Incensarios,Guatemala,Peten,Macanché Island,Idolos Modeled,,,,,,,,,,,,,,,,,,,,,,,,,,,,,,,,,,,,
 PCD1178,Incensarios,Guatemala,Peten,Macanché Island,Idolos Modeled,,,,,,,,,,,,,,,,,,,,,,,,,,,,,,,,,,,,
 PCD1179,Incensarios,Guatemala,Peten,Macanché Island,Idolos Modeled,,,,,,,,,,,,,,,,,,,,,,,,,,,,,,,,,,,,
 PCD1180,Incensarios,Guatemala,Peten,Macanché Island,Idolos Modeled,,,,,,,,,,,,,,,,,,,,,,,,,,,,,,,,,,,,
 *PCD1181,Incensarios,Guatemala,Peten,Macanché Island,Idolos Modeled,,,,,,,,,,,,,,,,,,,,,,,,,,,,,,,,,,,,
 PCD1182,Incensarios,Guatemala,Peten,Macanché Island,Idolos Modeled,,,,,,,,,,,,,,,,,,,,,,,,,,,,,,,,,,,,
 PCD1183,Incensarios,Guatemala,Peten,Macanché Island,Idolos Modeled,,,,,,,,,,,,,,,,,,,,,,,,,,,,,,,,,,,,
 PCD1184,Incensarios,Guatemala,Peten,Macanché Island,Idolos Modeled,,,,,,,,,,,,,,,,,,,,,,,,,,,,,,,,,,,,
 PCD1185,Incensarios,Guatemala,Peten,Macanché Island,Idolos Modeled,,,,,,,,,,,,,,,,,,,,,,,,,,,,,,,,,,,,
 PCD1190,Incensarios,Guatemala,Peten,Macanché Island,Idolos Modeled,,,,,,,,,,,,,,,,,,,,,,,,,,,,,,,,,,,,
 PCD1160,Incensarios,Guatemala,Peten,Macanché Island,Patojo Modeled,,,,,,,,,,,,,,,,,,,,,,,,,,,,,,,,,,,,
 PCD1161,Incensarios,Guatemala,Peten,Macanché Island,Patojo Modeled,,,,,,,,,,,,,,,,,,,,,,,,,,,,,,,,,,,,
 PCD1162,Incensarios,Guatemala,Peten,Macanché Island,Patojo Modeled,,,,,,,,,,,,,,,,,,,,,,,,,,,,,,,,,,,,
 PCD1163,Incensarios,Guatemala,Peten,Macanché Island,Patojo Modeled,,,,,,,,,,,,,,,,,,,,,,,,,,,,,,,,,,,,
 PCD1164,Incensarios,Guatemala,Peten,Macanché Island,Patojo Modeled,,,,,,,,,,,,,,,,,,,,,,,,,,,,,,,,,,,,
 PCD1165,Incensarios,Guatemala,Peten,Macanché Island,Patojo Modeled,,,,,,,,,,,,,,,,,,,,,,,,,,,,,,,,,,,,
 *PCD1166,Incensarios,Guatemala,Peten,Macanché Island,Patojo Modeled,,,,,,,,,,,,,,,,,,,,,,,,,,,,,,,,,,,,
 PCD1167,Incensarios,Guatemala,Peten,Macanché Island,Patojo Modeled,,,,,,,,,,,,,,,,,,,,,,,,,,,,,,,,,,,,
 *PCD1168,Incensarios,Guatemala,Peten,Macanché Island,Patojo Modeled,,,,,,,,,,,,,,,,,,,,,,,,,,,,,,,,,,,,
 PCD1169,Incensarios,Guatemala,Peten,Macanché Island,Patojo Modeled,,,,,,,,,,,,,,,,,,,,,,,,,,,,,,,,,,,,
 PCD1170,Incensarios,Guatemala,Peten,Macanché Island,Patojo Modeled,,,,,,,,,,,,,,,,,,,,,,,,,,,,,,,,,,,,
 *PCD1140,Incensarios,Guatemala,Peten,Macanché Island,La Justa Composite,,,,,,,,,,,,,,,,,,,,,,,,,,,,,,,,,,,,
 PCD1141,Incensarios,Guatemala,Peten,Macanché Island,La Justa Composite,,,,,,,,,,,,,,,,,,,,,,,,,,,,,,,,,,,,
 PCD1148,Incensarios,Guatemala,Peten,Macanché Island,La Justa Composite,,,,,,,,,,,,,,,,,,,,,,,,,,,,,,,,,,,,
 PCD1149,Incensarios,Guatemala,Peten,Macanché Island,La Justa Composite,,,,,,,,,,,,,,,,,,,,,,,,,,,,,,,,,,,,
 PCD1150,Incensarios,Guatemala,Peten,Macanché Island,La Justa Composite,,,,,,,,,,,,,,,,,,,,,,,,,,,,,,,,,,,,
 PCD1151,Incensarios,Guatemala,Peten,Macanché Island,La Justa Composite,,,,,,,,,,,,,,,,,,,,,,,,,,,,,,,,,,,,
 PCD1152,Incensarios,Guatemala,Peten,Macanché Island,La Justa Composite,,,,,,,,,,,,,,,,,,,,,,,,,,,,,,,,,,,,
 PCD1153,Incensarios,Guatemala,Peten,Macanché Island,La Justa Composite,,,,,,,,,,,,,,,,,,,,,,,,,,,,,,,,,,,,
 PCD1154,Incensarios,Guatemala,Peten,Macanché Island,La Justa Composite,,,,,,,,,,,,,,,,,,,,,,,,,,,,,,,,,,,,
 PCD1155,Incensarios,Guatemala,Peten,Macanché Island,La Justa Composite,,,,,,,,,,,,,,,,,,,,,,,,,,,,,,,,,,,,
 PCD1333,Incensarios,Guatemala,Peten,Macanché Island,Chuntuci Composite,,,,,,,,,,,,,,,,,,,,,,,,,,,,,,,,,,,,
 PCD1334 ,Incensarios,Guatemala,Peten,Macanché Island,Chuntuci Composite,,,,,,,,,,,,,,,,,,,,,,,,,,,,,,,,,,,,
PCD744,Redwares,Guatemala,Peten,Zacpetén,Paxcamàn Red,,,,,,,,,,,,,,,,,,,,,,,,,,,,,,,,,,,,
 PCD745,Redwares,Guatemala,Peten,Zacpetén,Paxcamàn Red,,,,,,,,,,,,,,,,,,,,,,,,,,,,,,,,,,,,
 PCD746,Redwares,Guatemala,Peten,Zacpetén,Paxcamàn Red,,,,,,,,,,,,,,,,,,,,,,,,,,,,,,,,,,,,
 PCD747,Redwares,Guatemala,Peten,Zacpetén,Paxcamàn Red,,,,,,,,,,,,,,,,,,,,,,,,,,,,,,,,,,,,
 PCD749,Redwares,Guatemala,Peten,Zacpetén,Paxcamàn Red,,,,,,,,,,,,,,,,,,,,,,,,,,,,,,,,,,,,
 PCD750,Redwares,Guatemala,Peten,Zacpetén,Paxcamàn Red,,,,,,,,,,,,,,,,,,,,,,,,,,,,,,,,,,,,
 PCD756,Redwares,Guatemala,Peten,Zacpetén,Paxcamàn Red,,,,,,,,,,,,,,,,,,,,,,,,,,,,,,,,,,,,
 PCD757,Redwares,Guatemala,Peten,Zacpetén,Paxcamàn Red,,,,,,,,,,,,,,,,,,,,,,,,,,,,,,,,,,,,
 PCD758,Redwares,Guatemala,Peten,Zacpetén,Paxcamàn Red,,,,,,,,,,,,,,,,,,,,,,,,,,,,,,,,,,,,
 PCD761,Redwares,Guatemala,Peten,Zacpetén,Paxcamàn Red,,,,,,,,,,,,,,,,,,,,,,,,,,,,,,,,,,,,
 PCD762,Redwares,Guatemala,Peten,Zacpetén,Paxcamàn Red,,,,,,,,,,,,,,,,,,,,,,,,,,,,,,,,,,,,
 PCD763,Redwares,Guatemala,Peten,Zacpetén,Paxcamàn Red,,,,,,,,,,,,,,,,,,,,,,,,,,,,,,,,,,,,
 PCD764,Redwares,Guatemala,Peten,Zacpetén,Paxcamàn Red,,,,,,,,,,,,,,,,,,,,,,,,,,,,,,,,,,,,
 PCD765,Redwares,Guatemala,Peten,Zacpetén,Paxcamàn Red,,,,,,,,,,,,,,,,,,,,,,,,,,,,,,,,,,,,
 PCD767,Redwares,Guatemala,Peten,Zacpetén,Paxcamàn Red,,,,,,,,,,,,,,,,,,,,,,,,,,,,,,,,,,,,
 PCD768,Redwares,Guatemala,Peten,Zacpetén,Paxcamàn Red,,,,,,,,,,,,,,,,,,,,,,,,,,,,,,,,,,,,
 PCD786,Redwares,Guatemala,Peten,Zacpetén,Paxcamàn Red,,,,,,,,,,,,,,,,,,,,,,,,,,,,,,,,,,,,
 PCD789,Redwares,Guatemala,Peten,Zacpetén,Paxcamàn Red,,,,,,,,,,,,,,,,,,,,,,,,,,,,,,,,,,,,
 PCD755,Redwares,Guatemala,Peten,Zacpetén,Ixpop Polychrome,,,,,,,,,,,,,,,,,,,,,,,,,,,,,,,,,,,,
 *PCD652,Redwares,Guatemala,Peten,Zacpetén,Sacá Polychrome,,,,,,,,,,,,,,,,,,,,,,,,,,,,,,,,,,,,
 PCD653,Redwares,Guatemala,Peten,Zacpetén,Sacá Polychrome,,,,,,,,,,,,,,,,,,,,,,,,,,,,,,,,,,,,
 PCD654,Redwares,Guatemala,Peten,Zacpetén,Sacá Polychrome,,,,,,,,,,,,,,,,,,,,,,,,,,,,,,,,,,,,
 *PCD655,Redwares,Guatemala,Peten,Zacpetén,Sacá Polychrome,,,,,,,,,,,,,,,,,,,,,,,,,,,,,,,,,,,,
 PCD656,Redwares,Guatemala,Peten,Zacpetén,Sacá Polychrome,,,,,,,,,,,,,,,,,,,,,,,,,,,,,,,,,,,,
 *PCD657,Redwares,Guatemala,Peten,Zacpetén,Sacá Polychrome,,,,,,,,,,,,,,,,,,,,,,,,,,,,,,,,,,,,
 PCD658,Redwares,Guatemala,Peten,Zacpetén,Sacá Polychrome,,,,,,,,,,,,,,,,,,,,,,,,,,,,,,,,,,,,
 PCD659,Redwares,Guatemala,Peten,Zacpetén,Sacá Polychrome,,,,,,,,,,,,,,,,,,,,,,,,,,,,,,,,,,,,
 PCD660,Redwares,Guatemala,Peten,Zacpetén,Sacá Polychrome,,,,,,,,,,,,,,,,,,,,,,,,,,,,,,,,,,,,
 PCD661,Redwares,Guatemala,Peten,Zacpetén,Sacá Polychrome,,,,,,,,,,,,,,,,,,,,,,,,,,,,,,,,,,,,
 *PCD662,Redwares,Guatemala,Peten,Zacpetén,Sacá Polychrome,,,,,,,,,,,,,,,,,,,,,,,,,,,,,,,,,,,,
 PCD754,Redwares,Guatemala,Peten,Zacpetén,Sacá Polychrome,,,,,,,,,,,,,,,,,,,,,,,,,,,,,,,,,,,,
 PCD759,Redwares,Guatemala,Peten,Zacpetén,Sacá Polychrome,,,,,,,,,,,,,,,,,,,,,,,,,,,,,,,,,,,,
 PCD718,Redwares,Guatemala,Peten,Zacpetén,Macanché Red-on-paste,,,,,,,,,,,,,,,,,,,,,,,,,,,,,,,,,,,,
 PCD719,Redwares,Guatemala,Peten,Zacpetén,Macanché Red-on-paste,,,,,,,,,,,,,,,,,,,,,,,,,,,,,,,,,,,,
 PCD720,Redwares,Guatemala,Peten,Zacpetén,Macanché Red-on-paste,,,,,,,,,,,,,,,,,,,,,,,,,,,,,,,,,,,,
 *PCD721,Redwares,Guatemala,Peten,Zacpetén,Macanché Red-on-paste,,,,,,,,,,,,,,,,,,,,,,,,,,,,,,,,,,,,
 PCD748,Redwares,Guatemala,Peten,Zacpetén,Macanché Red-on-paste,,,,,,,,,,,,,,,,,,,,,,,,,,,,,,,,,,,,
 PCD753,Redwares,Guatemala,Peten,Zacpetén,Macanché Red-on-paste,,,,,,,,,,,,,,,,,,,,,,,,,,,,,,,,,,,,
 PCD722,Redwares,Guatemala,Peten,Zacpetén,Picú Incised: Picú Variety,,,,,,,,,,,,,,,,,,,,,,,,,,,,,,,,,,,,
 PCD723,Redwares,Guatemala,Peten,Zacpetén,Picú Incised: Picú Variety,,,,,,,,,,,,,,,,,,,,,,,,,,,,,,,,,,,,
 PCD724,Redwares,Guatemala,Peten,Zacpetén,Picú Incised: Picú Variety,,,,,,,,,,,,,,,,,,,,,,,,,,,,,,,,,,,,
 *PCD725,Redwares,Guatemala,Peten,Zacpetén,Picú Incised: Picú Variety,,,,,,,,,,,,,,,,,,,,,,,,,,,,,,,,,,,,
 PCD751,Redwares,Guatemala,Peten,Zacpetén,Picú Incised: Picú Variety,,,,,,,,,,,,,,,,,,,,,,,,,,,,,,,,,,,,
 *PCD760,Redwares,Guatemala,Peten,Zacpetén,Picú Incised: Picú Variety,,,,,,,,,,,,,,,,,,,,,,,,,,,,,,,,,,,,
 PCD731,Redwares,Guatemala,Peten,Zacpetén,Fulano Black,,,,,,,,,,,,,,,,,,,,,,,,,,,,,,,,,,,,
 PCD732,Redwares,Guatemala,Peten,Zacpetén,Fulano Black,,,,,,,,,,,,,,,,,,,,,,,,,,,,,,,,,,,,
 PCD733,Redwares,Guatemala,Peten,Zacpetén,Fulano Black,,,,,,,,,,,,,,,,,,,,,,,,,,,,,,,,,,,,
 PCD734,Redwares,Guatemala,Peten,Zacpetén,Fulano Black,,,,,,,,,,,,,,,,,,,,,,,,,,,,,,,,,,,,
 PCD735,Redwares,Guatemala,Peten,Zacpetén,Fulano Black,,,,,,,,,,,,,,,,,,,,,,,,,,,,,,,,,,,,
 PCD769,Redwares,Guatemala,Peten,Zacpetén,Fulano Black,,,,,,,,,,,,,,,,,,,,,,,,,,,,,,,,,,,,
 PCD788,Redwares,Guatemala,Peten,Zacpetén,Fulano Black,,,,,,,,,,,,,,,,,,,,,,,,,,,,,,,,,,,,
 *PCD752,Redwares,Guatemala,Peten,Zacpetén,Sotano Red-on-paste,,,,,,,,,,,,,,,,,,,,,,,,,,,,,,,,,,,,
 PCD726,Redwares,Guatemala,Peten,Zacpetén,Trapeche Pink,,,,,,,,,,,,,,,,,,,,,,,,,,,,,,,,,,,,
 PCD727,Redwares,Guatemala,Peten,Zacpetén,Trapeche Pink,,,,,,,,,,,,,,,,,,,,,,,,,,,,,,,,,,,,
 PCD728,Redwares,Guatemala,Peten,Zacpetén,Trapeche Pink,,,,,,,,,,,,,,,,,,,,,,,,,,,,,,,,,,,,
 PCD729,Redwares,Guatemala,Peten,Zacpetén,Trapeche Pink,,,,,,,,,,,,,,,,,,,,,,,,,,,,,,,,,,,,
 PCD730,Redwares,Guatemala,Peten,Zacpetén,Trapeche Pink,,,,,,,,,,,,,,,,,,,,,,,,,,,,,,,,,,,,
 PCD766,Redwares,Guatemala,Peten,Zacpetén,Trapeche Pink,,,,,,,,,,,,,,,,,,,,,,,,,,,,,,,,,,,,
 PCD770,Redwares,Guatemala,Peten,Zacpetén,Trapeche Pink,,,,,,,,,,,,,,,,,,,,,,,,,,,,,,,,,,,,
 PCD781,Redwares,Guatemala,Peten,Zacpetén,Xuluc Incised,,,,,,,,,,,,,,,,,,,,,,,,,,,,,,,,,,,,
 PCD790,Redwares,Guatemala,Peten,Zacpetén,Xuluc Incised,,,,,,,,,,,,,,,,,,,,,,,,,,,,,,,,,,,,
 PCD644,Redwares,Guatemala,Peten,Zacpetén,Topoxté Red,,,,,,,,,,,,,,,,,,,,,,,,,,,,,,,,,,,,
 PCD771,Redwares,Guatemala,Peten,Zacpetén,Topoxté Red,,,,,,,,,,,,,,,,,,,,,,,,,,,,,,,,,,,,
 PCD772,Redwares,Guatemala,Peten,Zacpetén,Topoxté Red,,,,,,,,,,,,,,,,,,,,,,,,,,,,,,,,,,,,
 PCD773,Redwares,Guatemala,Peten,Zacpetén,Topoxté Red,,,,,,,,,,,,,,,,,,,,,,,,,,,,,,,,,,,,
 PCD774,Redwares,Guatemala,Peten,Zacpetén,Topoxté Red,,,,,,,,,,,,,,,,,,,,,,,,,,,,,,,,,,,,
 PCD775,Redwares,Guatemala,Peten,Zacpetén,Topoxté Red,,,,,,,,,,,,,,,,,,,,,,,,,,,,,,,,,,,,
 PCD776,Redwares,Guatemala,Peten,Zacpetén,Topoxté Red,,,,,,,,,,,,,,,,,,,,,,,,,,,,,,,,,,,,
 PCD777,Redwares,Guatemala,Peten,Zacpetén,Topoxté Red,,,,,,,,,,,,,,,,,,,,,,,,,,,,,,,,,,,,
 PCD778,Redwares,Guatemala,Peten,Zacpetén,Topoxté Red,,,,,,,,,,,,,,,,,,,,,,,,,,,,,,,,,,,,
 PCD779,Redwares,Guatemala,Peten,Zacpetén,Topoxté Red,,,,,,,,,,,,,,,,,,,,,,,,,,,,,,,,,,,,
 PCD78,Redwares,Guatemala,Peten,Zacpetén,Topoxté Red,,,,,,,,,,,,,,,,,,,,,,,,,,,,,,,,,,,,
 PCD782,Redwares,Guatemala,Peten,Zacpetén,Topoxté Red,,,,,,,,,,,,,,,,,,,,,,,,,,,,,,,,,,,,
 PCD783,Redwares,Guatemala,Peten,Zacpetén,Topoxté Red,,,,,,,,,,,,,,,,,,,,,,,,,,,,,,,,,,,,
 PCD784,Redwares,Guatemala,Peten,Zacpetén,Topoxté Red,,,,,,,,,,,,,,,,,,,,,,,,,,,,,,,,,,,,
 PCD785,Redwares,Guatemala,Peten,Zacpetén,Topoxté Red,,,,,,,,,,,,,,,,,,,,,,,,,,,,,,,,,,,,
 PCD787,Redwares,Guatemala,Peten,Zacpetén,Topoxté Red,,,,,,,,,,,,,,,,,,,,,,,,,,,,,,,,,,,,
 *PCD706,Redwares,Guatemala,Peten,Zacpetén,Canté Polychrome,,,,,,,,,,,,,,,,,,,,,,,,,,,,,,,,,,,,
 PCD707,Redwares,Guatemala,Peten,Zacpetén,Canté Polychrome,,,,,,,,,,,,,,,,,,,,,,,,,,,,,,,,,,,,
 PCD708,Redwares,Guatemala,Peten,Zacpetén,Canté Polychrome,,,,,,,,,,,,,,,,,,,,,,,,,,,,,,,,,,,,
 *PCD709,Redwares,Guatemala,Peten,Zacpetén,Canté Polychrome,,,,,,,,,,,,,,,,,,,,,,,,,,,,,,,,,,,,
 PCD710,Redwares,Guatemala,Peten,Zacpetén,Canté Polychrome,,,,,,,,,,,,,,,,,,,,,,,,,,,,,,,,,,,,
 *PCD713,Redwares,Guatemala,Peten,Zacpetén,Chompoxté Red-on-paste: Akalché Variety,,,,,,,,,,,,,,,,,,,,,,,,,,,,,,,,,,,,
 PCD714,Redwares,Guatemala,Peten,Zacpetén,Chompoxté Red-on-paste: Akalché Variety,,,,,,,,,,,,,,,,,,,,,,,,,,,,,,,,,,,,
 PCD715,Redwares,Guatemala,Peten,Zacpetén,Chompoxté Red-on-paste: Akalché Variety,,,,,,,,,,,,,,,,,,,,,,,,,,,,,,,,,,,,
 PCD716,Redwares,Guatemala,Peten,Zacpetén,Chompoxté Red-on-paste: Akalché Variety,,,,,,,,,,,,,,,,,,,,,,,,,,,,,,,,,,,,
 PCD717,Redwares,Guatemala,Peten,Zacpetén,Chompoxté Red-on-paste: Akalché Variety,,,,,,,,,,,,,,,,,,,,,,,,,,,,,,,,,,,,
 *PCD739,Redwares,Guatemala,Peten,Zacpetén,Chompoxté Red-on-paste: Akalché Variety,,,,,,,,,,,,,,,,,,,,,,,,,,,,,,,,,,,,
 *PCD711,Redwares,Guatemala,Peten,Zacpetén,Tirso,,,,,,,,,,,,,,,,,,,,,,,,,,,,,,,,,,,,
 PCD712,Redwares,Guatemala,Peten,Zacpetén,Tirso,,,,,,,,,,,,,,,,,,,,,,,,,,,,,,,,,,,,
 PCD736,Redwares,Guatemala,Peten,Zacpetén,Tirso,,,,,,,,,,,,,,,,,,,,,,,,,,,,,,,,,,,,
 PCD737,Redwares,Guatemala,Peten,Zacpetén,Tirso,,,,,,,,,,,,,,,,,,,,,,,,,,,,,,,,,,,,
 PCD738,Redwares,Guatemala,Peten,Zacpetén,Tirso,,,,,,,,,,,,,,,,,,,,,,,,,,,,,,,,,,,,
 PCD740,Redwares,Guatemala,Peten,Zacpetén,Tirso,,,,,,,,,,,,,,,,,,,,,,,,,,,,,,,,,,,,
 PCD741,Redwares,Guatemala,Peten,Zacpetén,Tirso,,,,,,,,,,,,,,,,,,,,,,,,,,,,,,,,,,,,
 *PCD742,Redwares,Guatemala,Peten,Zacpetén,Tirso,,,,,,,,,,,,,,,,,,,,,,,,,,,,,,,,,,,,
*PCD692,Incensarios,Guatemala,Peten,Zacpetén,Chaman Modeled,,,,,,,,,,,,,,,,,,,,,,,,,,,,,,,,,,,,
 PCD693,Incensarios,Guatemala,Peten,Zacpetén,Chaman Modeled,,,,,,,,,,,,,,,,,,,,,,,,,,,,,,,,,,,,
 *PCD694,Incensarios,Guatemala,Peten,Zacpetén,Chaman Modeled,,,,,,,,,,,,,,,,,,,,,,,,,,,,,,,,,,,,
 PCD695,Incensarios,Guatemala,Peten,Zacpetén,Chaman Modeled,,,,,,,,,,,,,,,,,,,,,,,,,,,,,,,,,,,,
 PCD696,Incensarios,Guatemala,Peten,Zacpetén,Chaman Modeled,,,,,,,,,,,,,,,,,,,,,,,,,,,,,,,,,,,,
 PCD663,Incensarios,Guatemala,Peten,Zacpetén,Extranjeros Impressed,,,,,,,,,,,,,,,,,,,,,,,,,,,,,,,,,,,,
 *PCD664,Incensarios,Guatemala,Peten,Zacpetén,Extranjeros Impressed,,,,,,,,,,,,,,,,,,,,,,,,,,,,,,,,,,,,
 PCD665,Incensarios,Guatemala,Peten,Zacpetén,Extranjeros Impressed,,,,,,,,,,,,,,,,,,,,,,,,,,,,,,,,,,,,
 *PCD640,Incensarios,Guatemala,Peten,Zacpetén,Fijate Composite,,,,,,,,,,,,,,,,,,,,,,,,,,,,,,,,,,,,
 PCD682,Incensarios,Guatemala,Peten,Zacpetén,Fijate Composite,,,,,,,,,,,,,,,,,,,,,,,,,,,,,,,,,,,,
 PCD683,Incensarios,Guatemala,Peten,Zacpetén,Fijate Composite,,,,,,,,,,,,,,,,,,,,,,,,,,,,,,,,,,,,
 PCD684,Incensarios,Guatemala,Peten,Zacpetén,Fijate Composite,,,,,,,,,,,,,,,,,,,,,,,,,,,,,,,,,,,,
 *PCD622,Incensarios,Guatemala,Peten,Zacpetén,Gotas Composite,,,,,,,,,,,,,,,,,,,,,,,,,,,,,,,,,,,,
 *PCD638,Incensarios,Guatemala,Peten,Zacpetén,Gotas Composite,,,,,,,,,,,,,,,,,,,,,,,,,,,,,,,,,,,,
 PCD678,Incensarios,Guatemala,Peten,Zacpetén,Gotas Composite,,,,,,,,,,,,,,,,,,,,,,,,,,,,,,,,,,,,
 PCD679,Incensarios,Guatemala,Peten,Zacpetén,Gotas Composite,,,,,,,,,,,,,,,,,,,,,,,,,,,,,,,,,,,,
 PCD680,Incensarios,Guatemala,Peten,Zacpetén,Gotas Composite,,,,,,,,,,,,,,,,,,,,,,,,,,,,,,,,,,,,
 *PCD625,Incensarios,Guatemala,Peten,Zacpetén,Idolos Modeled,,,,,,,,,,,,,,,,,,,,,,,,,,,,,,,,,,,,
 PCD626,Incensarios,Guatemala,Peten,Zacpetén,Idolos Modeled,,,,,,,,,,,,,,,,,,,,,,,,,,,,,,,,,,,,
 *PCD627,Incensarios,Guatemala,Peten,Zacpetén,Idolos Modeled,,,,,,,,,,,,,,,,,,,,,,,,,,,,,,,,,,,,
 *PCD631,Incensarios,Guatemala,Peten,Zacpetén,Idolos Modeled,,,,,,,,,,,,,,,,,,,,,,,,,,,,,,,,,,,,
 *PCD642,Incensarios,Guatemala,Peten,Zacpetén,Idolos Modeled,,,,,,,,,,,,,,,,,,,,,,,,,,,,,,,,,,,,
 PCD643,Incensarios,Guatemala,Peten,Zacpetén,Idolos Modeled,,,,,,,,,,,,,,,,,,,,,,,,,,,,,,,,,,,,
 *PCD697,Incensarios,Guatemala,Peten,Zacpetén,Idolos Modeled,,,,,,,,,,,,,,,,,,,,,,,,,,,,,,,,,,,,
 PCD698,Incensarios,Guatemala,Peten,Zacpetén,Idolos Modeled,,,,,,,,,,,,,,,,,,,,,,,,,,,,,,,,,,,,
 PCD699,Incensarios,Guatemala,Peten,Zacpetén,Idolos Modeled,,,,,,,,,,,,,,,,,,,,,,,,,,,,,,,,,,,,
 PCD700,Incensarios,Guatemala,Peten,Zacpetén,Idolos Modeled,,,,,,,,,,,,,,,,,,,,,,,,,,,,,,,,,,,,
 *PCD701,Incensarios,Guatemala,Peten,Zacpetén,Idolos Modeled,,,,,,,,,,,,,,,,,,,,,,,,,,,,,,,,,,,,
 PCD702,Incensarios,Guatemala,Peten,Zacpetén,Idolos Modeled,,,,,,,,,,,,,,,,,,,,,,,,,,,,,,,,,,,,
 PCD703,Incensarios,Guatemala,Peten,Zacpetén,Idolos Modeled,,,,,,,,,,,,,,,,,,,,,,,,,,,,,,,,,,,,
 PCD704,Incensarios,Guatemala,Peten,Zacpetén,Idolos Modeled,,,,,,,,,,,,,,,,,,,,,,,,,,,,,,,,,,,,
 PCD705,Incensarios,Guatemala,Peten,Zacpetén,Idolos Modeled,,,,,,,,,,,,,,,,,,,,,,,,,,,,,,,,,,,,
 PCD601,Incensarios,Guatemala,Peten,Zacpetén,Patojo Modeled,,,,,,,,,,,,,,,,,,,,,,,,,,,,,,,,,,,,
 *PCD602,Incensarios,Guatemala,Peten,Zacpetén,Patojo Modeled,,,,,,,,,,,,,,,,,,,,,,,,,,,,,,,,,,,,
 PCD603,Incensarios,Guatemala,Peten,Zacpetén,Patojo Modeled,,,,,,,,,,,,,,,,,,,,,,,,,,,,,,,,,,,,
 *PCD604,Incensarios,Guatemala,Peten,Zacpetén,Patojo Modeled,,,,,,,,,,,,,,,,,,,,,,,,,,,,,,,,,,,,
 PCD605,Incensarios,Guatemala,Peten,Zacpetén,Patojo Modeled,,,,,,,,,,,,,,,,,,,,,,,,,,,,,,,,,,,,
 PCD606,Incensarios,Guatemala,Peten,Zacpetén,Patojo Modeled,,,,,,,,,,,,,,,,,,,,,,,,,,,,,,,,,,,,
 PCD607,Incensarios,Guatemala,Peten,Zacpetén,Patojo Modeled,,,,,,,,,,,,,,,,,,,,,,,,,,,,,,,,,,,,
 * PCD608,Incensarios,Guatemala,Peten,Zacpetén,Patojo Modeled,,,,,,,,,,,,,,,,,,,,,,,,,,,,,,,,,,,,
 PCD609,Incensarios,Guatemala,Peten,Zacpetén,Patojo Modeled,,,,,,,,,,,,,,,,,,,,,,,,,,,,,,,,,,,,
 *PCD610,Incensarios,Guatemala,Peten,Zacpetén,Patojo Modeled,,,,,,,,,,,,,,,,,,,,,,,,,,,,,,,,,,,,
 *PCD611,Incensarios,Guatemala,Peten,Zacpetén,Patojo Modeled,,,,,,,,,,,,,,,,,,,,,,,,,,,,,,,,,,,,
 PCD612,Incensarios,Guatemala,Peten,Zacpetén,Patojo Modeled,,,,,,,,,,,,,,,,,,,,,,,,,,,,,,,,,,,,
 PCD615,Incensarios,Guatemala,Peten,Zacpetén,Patojo Modeled,,,,,,,,,,,,,,,,,,,,,,,,,,,,,,,,,,,,
 *PCD616,Incensarios,Guatemala,Peten,Zacpetén,Patojo Modeled,,,,,,,,,,,,,,,,,,,,,,,,,,,,,,,,,,,,
 PCD617,Incensarios,Guatemala,Peten,Zacpetén,Patojo Modeled,,,,,,,,,,,,,,,,,,,,,,,,,,,,,,,,,,,,
 PCD618,Incensarios,Guatemala,Peten,Zacpetén,Patojo Modeled,,,,,,,,,,,,,,,,,,,,,,,,,,,,,,,,,,,,
 PCD619,Incensarios,Guatemala,Peten,Zacpetén,Patojo Modeled,,,,,,,,,,,,,,,,,,,,,,,,,,,,,,,,,,,,
 PCD619,Incensarios,Guatemala,Peten,Zacpetén,Patojo Modeled,,,,,,,,,,,,,,,,,,,,,,,,,,,,,,,,,,,,
 PCD632,Incensarios,Guatemala,Peten,Zacpetén,Patojo Modeled,,,,,,,,,,,,,,,,,,,,,,,,,,,,,,,,,,,,
 PCD633,Incensarios,Guatemala,Peten,Zacpetén,Patojo Modeled,,,,,,,,,,,,,,,,,,,,,,,,,,,,,,,,,,,,
 PCD637,Incensarios,Guatemala,Peten,Zacpetén,Patojo Modeled,,,,,,,,,,,,,,,,,,,,,,,,,,,,,,,,,,,,
 *PCD639,Incensarios,Guatemala,Peten,Zacpetén,Patojo Modeled,,,,,,,,,,,,,,,,,,,,,,,,,,,,,,,,,,,,
 PCD641,Incensarios,Guatemala,Peten,Zacpetén,Patojo Modeled,,,,,,,,,,,,,,,,,,,,,,,,,,,,,,,,,,,,
 PCD645,Incensarios,Guatemala,Peten,Zacpetén,Patojo Modeled,,,,,,,,,,,,,,,,,,,,,,,,,,,,,,,,,,,,
 PCD646,Incensarios,Guatemala,Peten,Zacpetén,Patojo Modeled,,,,,,,,,,,,,,,,,,,,,,,,,,,,,,,,,,,,
 PCD647,Incensarios,Guatemala,Peten,Zacpetén,Patojo Modeled,,,,,,,,,,,,,,,,,,,,,,,,,,,,,,,,,,,,
 *PCD648,Incensarios,Guatemala,Peten,Zacpetén,Patojo Modeled,,,,,,,,,,,,,,,,,,,,,,,,,,,,,,,,,,,,
 *PCD651,Incensarios,Guatemala,Peten,Zacpetén,Patojo Modeled,,,,,,,,,,,,,,,,,,,,,,,,,,,,,,,,,,,,
 PCD672,Incensarios,Guatemala,Peten,Zacpetén,Patojo Modeled,,,,,,,,,,,,,,,,,,,,,,,,,,,,,,,,,,,,
 PCD673,Incensarios,Guatemala,Peten,Zacpetén,Patojo Modeled,,,,,,,,,,,,,,,,,,,,,,,,,,,,,,,,,,,,
 PCD674,Incensarios,Guatemala,Peten,Zacpetén,Patojo Modeled,,,,,,,,,,,,,,,,,,,,,,,,,,,,,,,,,,,,
 PCD675,Incensarios,Guatemala,Peten,Zacpetén,Patojo Modeled,,,,,,,,,,,,,,,,,,,,,,,,,,,,,,,,,,,,
 PCD676,Incensarios,Guatemala,Peten,Zacpetén,Patojo Modeled,,,,,,,,,,,,,,,,,,,,,,,,,,,,,,,,,,,,
 *PCD677,Incensarios,Guatemala,Peten,Zacpetén,Patojo Modeled,,,,,,,,,,,,,,,,,,,,,,,,,,,,,,,,,,,,
 PCD614,Incensarios,Guatemala,Peten,Zacpetén,La Justa Composite,,,,,,,,,,,,,,,,,,,,,,,,,,,,,,,,,,,,
 *PCD620,Incensarios,Guatemala,Peten,Zacpetén,La Justa Composite,,,,,,,,,,,,,,,,,,,,,,,,,,,,,,,,,,,,
 PCD621,Incensarios,Guatemala,Peten,Zacpetén,La Justa Composite,,,,,,,,,,,,,,,,,,,,,,,,,,,,,,,,,,,,
 *PCD635,Incensarios,Guatemala,Peten,Zacpetén,La Justa Composite,,,,,,,,,,,,,,,,,,,,,,,,,,,,,,,,,,,,
 PCD636,Incensarios,Guatemala,Peten,Zacpetén,La Justa Composite,,,,,,,,,,,,,,,,,,,,,,,,,,,,,,,,,,,,
 PCD649,Incensarios,Guatemala,Peten,Zacpetén,La Justa Composite,,,,,,,,,,,,,,,,,,,,,,,,,,,,,,,,,,,,
 PCD650,Incensarios,Guatemala,Peten,Zacpetén,La Justa Composite,,,,,,,,,,,,,,,,,,,,,,,,,,,,,,,,,,,,
PCD666,Incensarios,Guatemala,Peten,Zacpetén,La Justa Composite,,,,,,,,,,,,,,,,,,,,,,,,,,,,,,,,,,,,
 PCD667,Incensarios,Guatemala,Peten,Zacpetén,La Justa Composite,,,,,,,,,,,,,,,,,,,,,,,,,,,,,,,,,,,,
 *PCD668,Incensarios,Guatemala,Peten,Zacpetén,La Justa Composite,,,,,,,,,,,,,,,,,,,,,,,,,,,,,,,,,,,,
 *PCD628,Incensarios,Guatemala,Peten,Zacpetén,Kulut Modeled,,,,,,,,,,,,,,,,,,,,,,,,,,,,,,,,,,,,
 PCD629,Incensarios,Guatemala,Peten,Zacpetén,Kulut Modeled,,,,,,,,,,,,,,,,,,,,,,,,,,,,,,,,,,,,
 *PCD681,Incensarios,Guatemala,Peten,Zacpetén,Kulut Modeled,,,,,,,,,,,,,,,,,,,,,,,,,,,,,,,,,,,,
 *PCD685,Incensarios,Guatemala,Peten,Zacpetén,Kulut Modeled,,,,,,,,,,,,,,,,,,,,,,,,,,,,,,,,,,,,
 PCD743,Incensarios,Guatemala,Peten,Zacpetén,Kulut Modeled,,,,,,,,,,,,,,,,,,,,,,,,,,,,,,,,,,,,
 *PCD613,Incensarios,Guatemala,Peten,Zacpetén,Mumul Composite,,,,,,,,,,,,,,,,,,,,,,,,,,,,,,,,,,,,
 PCD669,Incensarios,Guatemala,Peten,Zacpetén,Mumul Composite,,,,,,,,,,,,,,,,,,,,,,,,,,,,,,,,,,,,
 *PCD670,Incensarios,Guatemala,Peten,Zacpetén,Mumul Composite,,,,,,,,,,,,,,,,,,,,,,,,,,,,,,,,,,,,
 PCD671,Incensarios,Guatemala,Peten,Zacpetén,Mumul Composite,,,,,,,,,,,,,,,,,,,,,,,,,,,,,,,,,,,,
 *PCD623,Incensarios,Guatemala,Peten,Zacpetén,Pitufo Modeled,,,,,,,,,,,,,,,,,,,,,,,,,,,,,,,,,,,,
 PCD624,Incensarios,Guatemala,Peten,Zacpetén,Pitufo Modeled,,,,,,,,,,,,,,,,,,,,,,,,,,,,,,,,,,,,
 *PCD630,Incensarios,Guatemala,Peten,Zacpetén,Pitufo Modeled,,,,,,,,,,,,,,,,,,,,,,,,,,,,,,,,,,,,
 PCD634,Incensarios,Guatemala,Peten,Zacpetén,Pitufo Modeled,,,,,,,,,,,,,,,,,,,,,,,,,,,,,,,,,,,,
 *PCD686,Incensarios,Guatemala,Peten,Zacpetén,Pitufo Modeled,,,,,,,,,,,,,,,,,,,,,,,,,,,,,,,,,,,,
 PCD687,Incensarios,Guatemala,Peten,Zacpetén,Pitufo Modeled,,,,,,,,,,,,,,,,,,,,,,,,,,,,,,,,,,,,
 PCD688,Incensarios,Guatemala,Peten,Zacpetén,Pitufo Modeled,,,,,,,,,,,,,,,,,,,,,,,,,,,,,,,,,,,,
 PCD689,Incensarios,Guatemala,Peten,Zacpetén,Pitufo Modeled,,,,,,,,,,,,,,,,,,,,,,,,,,,,,,,,,,,,
 PCD690,Incensarios,Guatemala,Peten,Zacpetén,Pitufo Modeled,,,,,,,,,,,,,,,,,,,,,,,,,,,,,,,,,,,,
 PCD691,Incensarios,Guatemala,Peten,Zacpetén,Pitufo Modeled,,,,,,,,,,,,,,,,,,,,,,,,,,,,,,,,,,,,
 *PCD801,Incensarios,Guatemala,Peten,Zacpetén,Effigy mold,,,,,,,,,,,,,,,,,,,,,,,,,,,,,,,,,,,,
PCD802,Redwares,Guatemala,Peten,Tayasal,Paxcamàn Red,,,,,,,,,,,,,,,,,,,,,,,,,,,,,,,,,,,,
 *PCD804,Redwares,Guatemala,Peten,Tayasal,Paxcamàn Red,,,,,,,,,,,,,,,,,,,,,,,,,,,,,,,,,,,,
 PCD812,Redwares,Guatemala,Peten,Tayasal,Paxcamàn Red,,,,,,,,,,,,,,,,,,,,,,,,,,,,,,,,,,,,
 *PCD816,Redwares,Guatemala,Peten,Tayasal,Paxcamàn Red,,,,,,,,,,,,,,,,,,,,,,,,,,,,,,,,,,,,
 PCD820,Redwares,Guatemala,Peten,Tayasal,Paxcamàn Red,,,,,,,,,,,,,,,,,,,,,,,,,,,,,,,,,,,,
 PCD821,Redwares,Guatemala,Peten,Tayasal,Paxcamàn Red,,,,,,,,,,,,,,,,,,,,,,,,,,,,,,,,,,,,
 PCD823,Redwares,Guatemala,Peten,Tayasal,Paxcamàn Red,,,,,,,,,,,,,,,,,,,,,,,,,,,,,,,,,,,,
PCD829,Redwares,Guatemala,Peten,Tayasal,Paxcamàn Red,,,,,,,,,,,,,,,,,,,,,,,,,,,,,,,,,,,,
 PCD830,Redwares,Guatemala,Peten,Tayasal,Paxcamàn Red,,,,,,,,,,,,,,,,,,,,,,,,,,,,,,,,,,,,
 PCD840,Redwares,Guatemala,Peten,Tayasal,Paxcamàn Red,,,,,,,,,,,,,,,,,,,,,,,,,,,,,,,,,,,,
 PCD846,Redwares,Guatemala,Peten,Tayasal,Paxcamàn Red,,,,,,,,,,,,,,,,,,,,,,,,,,,,,,,,,,,,
PCD878,Redwares,Guatemala,Peten,Tayasal,Paxcamàn Red,,,,,,,,,,,,,,,,,,,,,,,,,,,,,,,,,,,,
 *PCD879,Redwares,Guatemala,Peten,Tayasal,Paxcamàn Red,,,,,,,,,,,,,,,,,,,,,,,,,,,,,,,,,,,,
 PCD880,Redwares,Guatemala,Peten,Tayasal,Paxcamàn Red,,,,,,,,,,,,,,,,,,,,,,,,,,,,,,,,,,,,
 PCD886,Redwares,Guatemala,Peten,Tayasal,Paxcamàn Red,,,,,,,,,,,,,,,,,,,,,,,,,,,,,,,,,,,,
PCD888,Redwares,Guatemala,Peten,Tayasal,Paxcamàn Red,,,,,,,,,,,,,,,,,,,,,,,,,,,,,,,,,,,,
 PCD890,Redwares,Guatemala,Peten,Tayasal,Paxcamàn Red,,,,,,,,,,,,,,,,,,,,,,,,,,,,,,,,,,,,
 PCD892,Redwares,Guatemala,Peten,Tayasal,Paxcamàn Red,,,,,,,,,,,,,,,,,,,,,,,,,,,,,,,,,,,,
 PCD893,Redwares,Guatemala,Peten,Tayasal,Paxcamàn Red,,,,,,,,,,,,,,,,,,,,,,,,,,,,,,,,,,,,
PCD896,Redwares,Guatemala,Peten,Tayasal,Paxcamàn Red,,,,,,,,,,,,,,,,,,,,,,,,,,,,,,,,,,,,
 PCD900,Redwares,Guatemala,Peten,Tayasal,Paxcamàn Red,,,,,,,,,,,,,,,,,,,,,,,,,,,,,,,,,,,,
 *PCD901,Redwares,Guatemala,Peten,Tayasal,Paxcamàn Red,,,,,,,,,,,,,,,,,,,,,,,,,,,,,,,,,,,,
 PCD904,Redwares,Guatemala,Peten,Tayasal,Paxcamàn Red,,,,,,,,,,,,,,,,,,,,,,,,,,,,,,,,,,,,
 *PCD905,Redwares,Guatemala,Peten,Tayasal,Paxcamàn Red,,,,,,,,,,,,,,,,,,,,,,,,,,,,,,,,,,,,
 PCD908,Redwares,Guatemala,Peten,Tayasal,Paxcamàn Red,,,,,,,,,,,,,,,,,,,,,,,,,,,,,,,,,,,,
 *PCD910,Redwares,Guatemala,Peten,Tayasal,Paxcamàn Red,,,,,,,,,,,,,,,,,,,,,,,,,,,,,,,,,,,,
PCD911,Redwares,Guatemala,Peten,Tayasal,Paxcamàn Red,,,,,,,,,,,,,,,,,,,,,,,,,,,,,,,,,,,,
 PCD913,Redwares,Guatemala,Peten,Tayasal,Paxcamàn Red,,,,,,,,,,,,,,,,,,,,,,,,,,,,,,,,,,,,
 PCD917,Redwares,Guatemala,Peten,Tayasal,Paxcamàn Red,,,,,,,,,,,,,,,,,,,,,,,,,,,,,,,,,,,,
 PCD918,Redwares,Guatemala,Peten,Tayasal,Paxcamàn Red,,,,,,,,,,,,,,,,,,,,,,,,,,,,,,,,,,,,
 *PCD921,Redwares,Guatemala,Peten,Tayasal,Paxcamàn Red,,,,,,,,,,,,,,,,,,,,,,,,,,,,,,,,,,,,
 PCD923,Redwares,Guatemala,Peten,Tayasal,Paxcamàn Red,,,,,,,,,,,,,,,,,,,,,,,,,,,,,,,,,,,,
 PCD924,Redwares,Guatemala,Peten,Tayasal,Paxcamàn Red,,,,,,,,,,,,,,,,,,,,,,,,,,,,,,,,,,,,
 PCD927,Redwares,Guatemala,Peten,Tayasal,Paxcamàn Red,,,,,,,,,,,,,,,,,,,,,,,,,,,,,,,,,,,,
 PCD928,Redwares,Guatemala,Peten,Tayasal,Paxcamàn Red,,,,,,,,,,,,,,,,,,,,,,,,,,,,,,,,,,,,
 PCD929,Redwares,Guatemala,Peten,Tayasal,Paxcamàn Red,,,,,,,,,,,,,,,,,,,,,,,,,,,,,,,,,,,,
 PCD809,Redwares,Guatemala,Peten,Tayasal,Ixpop Polychrome,,,,,,,,,,,,,,,,,,,,,,,,,,,,,,,,,,,,
 PCD817,Redwares,Guatemala,Peten,Tayasal,Ixpop Polychrome,,,,,,,,,,,,,,,,,,,,,,,,,,,,,,,,,,,,
 *PCD825,Redwares,Guatemala,Peten,Tayasal,Ixpop Polychrome,,,,,,,,,,,,,,,,,,,,,,,,,,,,,,,,,,,,
 PCD828,Redwares,Guatemala,Peten,Tayasal,Ixpop Polychrome,,,,,,,,,,,,,,,,,,,,,,,,,,,,,,,,,,,,
 PCD831,Redwares,Guatemala,Peten,Tayasal,Ixpop Polychrome,,,,,,,,,,,,,,,,,,,,,,,,,,,,,,,,,,,,
 *PCD832,Redwares,Guatemala,Peten,Tayasal,Ixpop Polychrome,,,,,,,,,,,,,,,,,,,,,,,,,,,,,,,,,,,,
 PCD835,Redwares,Guatemala,Peten,Tayasal,Ixpop Polychrome,,,,,,,,,,,,,,,,,,,,,,,,,,,,,,,,,,,,
 *PCD837,Redwares,Guatemala,Peten,Tayasal,Ixpop Polychrome,,,,,,,,,,,,,,,,,,,,,,,,,,,,,,,,,,,,
 PCD838,Redwares,Guatemala,Peten,Tayasal,Ixpop Polychrome,,,,,,,,,,,,,,,,,,,,,,,,,,,,,,,,,,,,
 PCD871,Redwares,Guatemala,Peten,Tayasal,Ixpop Polychrome,,,,,,,,,,,,,,,,,,,,,,,,,,,,,,,,,,,,
 *PCD872,Redwares,Guatemala,Peten,Tayasal,Ixpop Polychrome,,,,,,,,,,,,,,,,,,,,,,,,,,,,,,,,,,,,
 PCD882,Redwares,Guatemala,Peten,Tayasal,Ixpop Polychrome,,,,,,,,,,,,,,,,,,,,,,,,,,,,,,,,,,,,
 PCD884,Redwares,Guatemala,Peten,Tayasal,Ixpop Polychrome,,,,,,,,,,,,,,,,,,,,,,,,,,,,,,,,,,,,
 PCD885,Redwares,Guatemala,Peten,Tayasal,Ixpop Polychrome,,,,,,,,,,,,,,,,,,,,,,,,,,,,,,,,,,,,
 PCD887,Redwares,Guatemala,Peten,Tayasal,Ixpop Polychrome,,,,,,,,,,,,,,,,,,,,,,,,,,,,,,,,,,,,
 PCD889,Redwares,Guatemala,Peten,Tayasal,Ixpop Polychrome,,,,,,,,,,,,,,,,,,,,,,,,,,,,,,,,,,,,
 PCD891,Redwares,Guatemala,Peten,Tayasal,Ixpop Polychrome,,,,,,,,,,,,,,,,,,,,,,,,,,,,,,,,,,,,
 PCD897,Redwares,Guatemala,Peten,Tayasal,Ixpop Polychrome,,,,,,,,,,,,,,,,,,,,,,,,,,,,,,,,,,,,
 PCD903,Redwares,Guatemala,Peten,Tayasal,Ixpop Polychrome,,,,,,,,,,,,,,,,,,,,,,,,,,,,,,,,,,,,
 PCD919,Redwares,Guatemala,Peten,Tayasal,Ixpop Polychrome,,,,,,,,,,,,,,,,,,,,,,,,,,,,,,,,,,,,
 PCD920,Redwares,Guatemala,Peten,Tayasal,Ixpop Polychrome,,,,,,,,,,,,,,,,,,,,,,,,,,,,,,,,,,,,
 PCD922,Redwares,Guatemala,Peten,Tayasal,Ixpop Polychrome,,,,,,,,,,,,,,,,,,,,,,,,,,,,,,,,,,,,
 PCD925,Redwares,Guatemala,Peten,Tayasal,Ixpop Polychrome,,,,,,,,,,,,,,,,,,,,,,,,,,,,,,,,,,,,
 PCD930,Redwares,Guatemala,Peten,Tayasal,Ixpop Polychrome,,,,,,,,,,,,,,,,,,,,,,,,,,,,,,,,,,,,
 *PCD806,Redwares,Guatemala,Peten,Tayasal,Sacá Polychrome,,,,,,,,,,,,,,,,,,,,,,,,,,,,,,,,,,,,
 *PCD808,Redwares,Guatemala,Peten,Tayasal,Sacá Polychrome,,,,,,,,,,,,,,,,,,,,,,,,,,,,,,,,,,,,
 PCD836,Redwares,Guatemala,Peten,Tayasal,Sacá Polychrome,,,,,,,,,,,,,,,,,,,,,,,,,,,,,,,,,,,,
 *PCD839,Redwares,Guatemala,Peten,Tayasal,Sacá Polychrome,,,,,,,,,,,,,,,,,,,,,,,,,,,,,,,,,,,,
 PCD876,Redwares,Guatemala,Peten,Tayasal,Sacá Polychrome,,,,,,,,,,,,,,,,,,,,,,,,,,,,,,,,,,,,
 * PCD907,Redwares,Guatemala,Peten,Tayasal,Sacá Polychrome,,,,,,,,,,,,,,,,,,,,,,,,,,,,,,,,,,,,
 PCD807,Redwares,Guatemala,Peten,Tayasal,Macanché Red-on-paste,,,,,,,,,,,,,,,,,,,,,,,,,,,,,,,,,,,,
 *PCD813,Redwares,Guatemala,Peten,Tayasal,Macanché Red-on-paste,,,,,,,,,,,,,,,,,,,,,,,,,,,,,,,,,,,,
 *PCD818,Redwares,Guatemala,Peten,Tayasal,Macanché Red-on-paste,,,,,,,,,,,,,,,,,,,,,,,,,,,,,,,,,,,,
 *PCD827,Redwares,Guatemala,Peten,Tayasal,Picú Incised: Picú Variety,,,,,,,,,,,,,,,,,,,,,,,,,,,,,,,,,,,,
 *PCD803,Redwares,Guatemala,Peten,Tayasal,Picú Incised: Thub Variety,,,,,,,,,,,,,,,,,,,,,,,,,,,,,,,,,,,,
 *PCD811,Redwares,Guatemala,Peten,Tayasal,Picú Incised: Thub Variety,,,,,,,,,,,,,,,,,,,,,,,,,,,,,,,,,,,,
 *PCD814,Redwares,Guatemala,Peten,Tayasal,Picú Incised: Thub Variety,,,,,,,,,,,,,,,,,,,,,,,,,,,,,,,,,,,,
 *PCD815,Redwares,Guatemala,Peten,Tayasal,Picú Incised: Thub Variety,,,,,,,,,,,,,,,,,,,,,,,,,,,,,,,,,,,,
 PCD841,Redwares,Guatemala,Peten,Tayasal,Picú Incised: Thub Variety,,,,,,,,,,,,,,,,,,,,,,,,,,,,,,,,,,,,
 *PCD847,Redwares,Guatemala,Peten,Tayasal,Picú Incised: Thub Variety,,,,,,,,,,,,,,,,,,,,,,,,,,,,,,,,,,,,
 PCD849,Redwares,Guatemala,Peten,Tayasal,Picú Incised: Thub Variety,,,,,,,,,,,,,,,,,,,,,,,,,,,,,,,,,,,,
 PCD850,Redwares,Guatemala,Peten,Tayasal,Picú Incised: Thub Variety,,,,,,,,,,,,,,,,,,,,,,,,,,,,,,,,,,,,
 *PCD851,Redwares,Guatemala,Peten,Tayasal,Picú Incised: Thub Variety,,,,,,,,,,,,,,,,,,,,,,,,,,,,,,,,,,,,
 PCD852,Redwares,Guatemala,Peten,Tayasal,Picú Incised: Thub Variety,,,,,,,,,,,,,,,,,,,,,,,,,,,,,,,,,,,,
 PCD877,Redwares,Guatemala,Peten,Tayasal,Picú Incised: Thub Variety,,,,,,,,,,,,,,,,,,,,,,,,,,,,,,,,,,,,
 PCD912,Redwares,Guatemala,Peten,Tayasal,Picú Incised: Thub Variety,,,,,,,,,,,,,,,,,,,,,,,,,,,,,,,,,,,,
 *PCD926,Redwares,Guatemala,Peten,Tayasal,Picú Incised: Thub Variety,,,,,,,,,,,,,,,,,,,,,,,,,,,,,,,,,,,,
 PCD810,Redwares,Guatemala,Peten,Tayasal,Trapeche Pink,,,,,,,,,,,,,,,,,,,,,,,,,,,,,,,,,,,,
 *PCD819,Redwares,Guatemala,Peten,Tayasal,Trapeche Pink,,,,,,,,,,,,,,,,,,,,,,,,,,,,,,,,,,,,
 PCD822,Redwares,Guatemala,Peten,Tayasal,Trapeche Pink,,,,,,,,,,,,,,,,,,,,,,,,,,,,,,,,,,,,
 *PCD824,Redwares,Guatemala,Peten,Tayasal,Trapeche Pink,,,,,,,,,,,,,,,,,,,,,,,,,,,,,,,,,,,,
 PCD826,Redwares,Guatemala,Peten,Tayasal,Trapeche Pink,,,,,,,,,,,,,,,,,,,,,,,,,,,,,,,,,,,,
 PCD833,Redwares,Guatemala,Peten,Tayasal,Trapeche Pink,,,,,,,,,,,,,,,,,,,,,,,,,,,,,,,,,,,,
 *PCD834,Redwares,Guatemala,Peten,Tayasal,Trapeche Pink,,,,,,,,,,,,,,,,,,,,,,,,,,,,,,,,,,,,
 * PCD870,Redwares,Guatemala,Peten,Tayasal,Trapeche Pink,,,,,,,,,,,,,,,,,,,,,,,,,,,,,,,,,,,,
 PCD902,Redwares,Guatemala,Peten,Tayasal,Trapeche Pink,,,,,,,,,,,,,,,,,,,,,,,,,,,,,,,,,,,,
 PCD906,Redwares,Guatemala,Peten,Tayasal,Trapeche Pink,,,,,,,,,,,,,,,,,,,,,,,,,,,,,,,,,,,,
 PCD916,Redwares,Guatemala,Peten,Tayasal,Trapeche Pink,,,,,,,,,,,,,,,,,,,,,,,,,,,,,,,,,,,,
 PCD874,Redwares,Guatemala,Peten,Tayasal,Xuluc Incised,,,,,,,,,,,,,,,,,,,,,,,,,,,,,,,,,,,,
 PCD873,Redwares,Guatemala,Peten,Tayasal,Mul Polychrome,,,,,,,,,,,,,,,,,,,,,,,,,,,,,,,,,,,,
 *PCD881,Redwares,Guatemala,Peten,Tayasal,Mul Polychrome,,,,,,,,,,,,,,,,,,,,,,,,,,,,,,,,,,,,
 PCD895,Redwares,Guatemala,Peten,Tayasal,Mul Polychrome,,,,,,,,,,,,,,,,,,,,,,,,,,,,,,,,,,,,
 PCD909,Redwares,Guatemala,Peten,Tayasal,Mul Polychrome,,,,,,,,,,,,,,,,,,,,,,,,,,,,,,,,,,,,
 PCD899,Redwares,Guatemala,Peten,Tayasal,Mul Polychrome,,,,,,,,,,,,,,,,,,,,,,,,,,,,,,,,,,,,
 *PCD842,Redwares,Guatemala,Peten,Tayasal,Tanche,,,,,,,,,,,,,,,,,,,,,,,,,,,,,,,,,,,,
 *PCD843,Redwares,Guatemala,Peten,Tayasal,Tanche,,,,,,,,,,,,,,,,,,,,,,,,,,,,,,,,,,,,
 PCD844,Redwares,Guatemala,Peten,Tayasal,Tanche,,,,,,,,,,,,,,,,,,,,,,,,,,,,,,,,,,,,
 *PCD845,Redwares,Guatemala,Peten,Tayasal,Tanche,,,,,,,,,,,,,,,,,,,,,,,,,,,,,,,,,,,,
 PCD898,Redwares,Guatemala,Peten,Tayasal,Tanche,,,,,,,,,,,,,,,,,,,,,,,,,,,,,,,,,,,,
 PCD853,Redwares,Guatemala,Peten,Tayasal,Hobomno Incised,,,,,,,,,,,,,,,,,,,,,,,,,,,,,,,,,,,,
 *PCD894,Redwares,Guatemala,Peten,Tayasal,Topoxté Red,,,,,,,,,,,,,,,,,,,,,,,,,,,,,,,,,,,,
 *PCD805,Redwares,Guatemala,Peten,Tayasal,Fulano Black,,,,,,,,,,,,,,,,,,,,,,,,,,,,,,,,,,,,
*PCD854,Incensarios,Guatemala,Peten,Tayasal,Nohpek,,,,,,,,,,,,,,,,,,,,,,,,,,,,,,,,,,,,
 *PCD855,Incensarios,Guatemala,Peten,Tayasal,Nohpek,,,,,,,,,,,,,,,,,,,,,,,,,,,,,,,,,,,,
 *PCD856,Incensarios,Guatemala,Peten,Tayasal,Nohpek,,,,,,,,,,,,,,,,,,,,,,,,,,,,,,,,,,,,
 PCD857,Incensarios,Guatemala,Peten,Tayasal,Nohpek,,,,,,,,,,,,,,,,,,,,,,,,,,,,,,,,,,,,
 *PCD858,Incensarios,Guatemala,Peten,Tayasal,Nohpek,,,,,,,,,,,,,,,,,,,,,,,,,,,,,,,,,,,,
 *PCD859,Incensarios,Guatemala,Peten,Tayasal,Nohpek,,,,,,,,,,,,,,,,,,,,,,,,,,,,,,,,,,,,
 *PCD860,Incensarios,Guatemala,Peten,Tayasal,Nohpek,,,,,,,,,,,,,,,,,,,,,,,,,,,,,,,,,,,,
 *PCD861,Incensarios,Guatemala,Peten,Tayasal,Nohpek,,,,,,,,,,,,,,,,,,,,,,,,,,,,,,,,,,,,
 *PCD862,Incensarios,Guatemala,Peten,Tayasal,Nohpek,,,,,,,,,,,,,,,,,,,,,,,,,,,,,,,,,,,,
 PCD863,Incensarios,Guatemala,Peten,Tayasal,Nohpek,,,,,,,,,,,,,,,,,,,,,,,,,,,,,,,,,,,,
 PCD864,Incensarios,Guatemala,Peten,Tayasal,Nohpek,,,,,,,,,,,,,,,,,,,,,,,,,,,,,,,,,,,,
 *PCD865,Incensarios,Guatemala,Peten,Tayasal,Nohpek,,,,,,,,,,,,,,,,,,,,,,,,,,,,,,,,,,,,
 *PCD866,Incensarios,Guatemala,Peten,Tayasal,Nohpek,,,,,,,,,,,,,,,,,,,,,,,,,,,,,,,,,,,,
 PCD867,Incensarios,Guatemala,Peten,Tayasal,Nohpek,,,,,,,,,,,,,,,,,,,,,,,,,,,,,,,,,,,,
 * PCD868,Incensarios,Guatemala,Peten,Tayasal,Nohpek,,,,,,,,,,,,,,,,,,,,,,,,,,,,,,,,,,,,
 *PCD869,Incensarios,Guatemala,Peten,Tayasal,Nohpek,,,,,,,,,,,,,,,,,,,,,,,,,,,,,,,,,,,,
 *PCD875,Incensarios,Guatemala,Peten,Tayasal,Nohpek,,,,,,,,,,,,,,,,,,,,,,,,,,,,,,,,,,,,
 PCD883,Incensarios,Guatemala,Peten,Tayasal,Nohpek,,,,,,,,,,,,,,,,,,,,,,,,,,,,,,,,,,,,
 *PCD914,Incensarios,Guatemala,Peten,Tayasal,Nohpek,,,,,,,,,,,,,,,,,,,,,,,,,,,,,,,,,,,,
 PCD915,Incensarios,Guatemala,Peten,Tayasal,Nohpek,,,,,,,,,,,,,,,,,,,,,,,,,,,,,,,,,,,,
 *PCD848,Incensarios,Guatemala,Peten,Tayasal,Xul Incised,,,,,,,,,,,,,,,,,,,,,,,,,,,,,,,,,,,,
PCD401,Redwares,Guatemala,Peten,Nixtun Ch'ich',Paxcamàn Red,,,,,,,,,,,,,,,,,,,,,,,,,,,,,,,,,,,,
 PCD403,Redwares,Guatemala,Peten,Nixtun Ch'ich',Paxcamàn Red,,,,,,,,,,,,,,,,,,,,,,,,,,,,,,,,,,,,
 PCD405,Redwares,Guatemala,Peten,Nixtun Ch'ich',Paxcamàn Red,,,,,,,,,,,,,,,,,,,,,,,,,,,,,,,,,,,,
 *PCD406,Redwares,Guatemala,Peten,Nixtun Ch'ich',Paxcamàn Red,,,,,,,,,,,,,,,,,,,,,,,,,,,,,,,,,,,,
 PCD407,Redwares,Guatemala,Peten,Nixtun Ch'ich',Paxcamàn Red,,,,,,,,,,,,,,,,,,,,,,,,,,,,,,,,,,,,
 PCD409,Redwares,Guatemala,Peten,Nixtun Ch'ich',Paxcamàn Red,,,,,,,,,,,,,,,,,,,,,,,,,,,,,,,,,,,,
 PCD410,Redwares,Guatemala,Peten,Nixtun Ch'ich',Paxcamàn Red,,,,,,,,,,,,,,,,,,,,,,,,,,,,,,,,,,,,
PCD414,Redwares,Guatemala,Peten,Nixtun Ch'ich',Paxcamàn Red,,,,,,,,,,,,,,,,,,,,,,,,,,,,,,,,,,,,
 PCD417,Redwares,Guatemala,Peten,Nixtun Ch'ich',Paxcamàn Red,,,,,,,,,,,,,,,,,,,,,,,,,,,,,,,,,,,,
 PCD422,Redwares,Guatemala,Peten,Nixtun Ch'ich',Paxcamàn Red,,,,,,,,,,,,,,,,,,,,,,,,,,,,,,,,,,,,
 PCD424,Redwares,Guatemala,Peten,Nixtun Ch'ich',Paxcamàn Red,,,,,,,,,,,,,,,,,,,,,,,,,,,,,,,,,,,,
 PCD431,Redwares,Guatemala,Peten,Nixtun Ch'ich',Paxcamàn Red,,,,,,,,,,,,,,,,,,,,,,,,,,,,,,,,,,,,
 PCD432,Redwares,Guatemala,Peten,Nixtun Ch'ich',Paxcamàn Red,,,,,,,,,,,,,,,,,,,,,,,,,,,,,,,,,,,,
 PCD433,Redwares,Guatemala,Peten,Nixtun Ch'ich',Paxcamàn Red,,,,,,,,,,,,,,,,,,,,,,,,,,,,,,,,,,,,
 PCD434,Redwares,Guatemala,Peten,Nixtun Ch'ich',Paxcamàn Red,,,,,,,,,,,,,,,,,,,,,,,,,,,,,,,,,,,,
*PCD435,Redwares,Guatemala,Peten,Nixtun Ch'ich',Paxcamàn Red,,,,,,,,,,,,,,,,,,,,,,,,,,,,,,,,,,,,
 PCD436,Redwares,Guatemala,Peten,Nixtun Ch'ich',Paxcamàn Red,,,,,,,,,,,,,,,,,,,,,,,,,,,,,,,,,,,,
 PCD437,Redwares,Guatemala,Peten,Nixtun Ch'ich',Paxcamàn Red,,,,,,,,,,,,,,,,,,,,,,,,,,,,,,,,,,,,
 PCD439,Redwares,Guatemala,Peten,Nixtun Ch'ich',Paxcamàn Red,,,,,,,,,,,,,,,,,,,,,,,,,,,,,,,,,,,,
 PCD445,Redwares,Guatemala,Peten,Nixtun Ch'ich',Paxcamàn Red,,,,,,,,,,,,,,,,,,,,,,,,,,,,,,,,,,,,
 PCD 446,Redwares,Guatemala,Peten,Nixtun Ch'ich',Paxcamàn Red,,,,,,,,,,,,,,,,,,,,,,,,,,,,,,,,,,,,
 PCD447,Redwares,Guatemala,Peten,Nixtun Ch'ich',Paxcamàn Red,,,,,,,,,,,,,,,,,,,,,,,,,,,,,,,,,,,,
 PCD44,Redwares,Guatemala,Peten,Nixtun Ch'ich',Paxcamàn Red,,,,,,,,,,,,,,,,,,,,,,,,,,,,,,,,,,,,
 *PCD456,Redwares,Guatemala,Peten,Nixtun Ch'ich',Paxcamàn Red,,,,,,,,,,,,,,,,,,,,,,,,,,,,,,,,,,,,
 PCD461,Redwares,Guatemala,Peten,Nixtun Ch'ich',Paxcamàn Red,,,,,,,,,,,,,,,,,,,,,,,,,,,,,,,,,,,,
 PCD462,Redwares,Guatemala,Peten,Nixtun Ch'ich',Paxcamàn Red,,,,,,,,,,,,,,,,,,,,,,,,,,,,,,,,,,,,
 PCD463,Redwares,Guatemala,Peten,Nixtun Ch'ich',Paxcamàn Red,,,,,,,,,,,,,,,,,,,,,,,,,,,,,,,,,,,,
 PCD464,Redwares,Guatemala,Peten,Nixtun Ch'ich',Paxcamàn Red,,,,,,,,,,,,,,,,,,,,,,,,,,,,,,,,,,,,
 PCD466,Redwares,Guatemala,Peten,Nixtun Ch'ich',Paxcamàn Red,,,,,,,,,,,,,,,,,,,,,,,,,,,,,,,,,,,,
 PCD470,Redwares,Guatemala,Peten,Nixtun Ch'ich',Paxcamàn Red,,,,,,,,,,,,,,,,,,,,,,,,,,,,,,,,,,,,
 PCD471,Redwares,Guatemala,Peten,Nixtun Ch'ich',Paxcamàn Red,,,,,,,,,,,,,,,,,,,,,,,,,,,,,,,,,,,,
 PCD481,Redwares,Guatemala,Peten,Nixtun Ch'ich',Paxcamàn Red,,,,,,,,,,,,,,,,,,,,,,,,,,,,,,,,,,,,
 PCD482,Redwares,Guatemala,Peten,Nixtun Ch'ich',Paxcamàn Red,,,,,,,,,,,,,,,,,,,,,,,,,,,,,,,,,,,,
 PCD482,Redwares,Guatemala,Peten,Nixtun Ch'ich',Paxcamàn Red,,,,,,,,,,,,,,,,,,,,,,,,,,,,,,,,,,,,
 PCD483,Redwares,Guatemala,Peten,Nixtun Ch'ich',Paxcamàn Red,,,,,,,,,,,,,,,,,,,,,,,,,,,,,,,,,,,,
PCD484,Redwares,Guatemala,Peten,Nixtun Ch'ich',Paxcamàn Red,,,,,,,,,,,,,,,,,,,,,,,,,,,,,,,,,,,,
 PCD486,Redwares,Guatemala,Peten,Nixtun Ch'ich',Paxcamàn Red,,,,,,,,,,,,,,,,,,,,,,,,,,,,,,,,,,,,
 PCD488,Redwares,Guatemala,Peten,Nixtun Ch'ich',Paxcamàn Red,,,,,,,,,,,,,,,,,,,,,,,,,,,,,,,,,,,,
PCD489,Redwares,Guatemala,Peten,Nixtun Ch'ich',Paxcamàn Red,,,,,,,,,,,,,,,,,,,,,,,,,,,,,,,,,,,,
 PCD494,Redwares,Guatemala,Peten,Nixtun Ch'ich',Paxcamàn Red,,,,,,,,,,,,,,,,,,,,,,,,,,,,,,,,,,,,
 PCD495,Redwares,Guatemala,Peten,Nixtun Ch'ich',Paxcamàn Red,,,,,,,,,,,,,,,,,,,,,,,,,,,,,,,,,,,,
 PCD496,Redwares,Guatemala,Peten,Nixtun Ch'ich',Paxcamàn Red,,,,,,,,,,,,,,,,,,,,,,,,,,,,,,,,,,,,
 PCD497,Redwares,Guatemala,Peten,Nixtun Ch'ich',Paxcamàn Red,,,,,,,,,,,,,,,,,,,,,,,,,,,,,,,,,,,,
 PCD498,Redwares,Guatemala,Peten,Nixtun Ch'ich',Paxcamàn Red,,,,,,,,,,,,,,,,,,,,,,,,,,,,,,,,,,,,
 PCD513,Redwares,Guatemala,Peten,Nixtun Ch'ich',Paxcamàn Red,,,,,,,,,,,,,,,,,,,,,,,,,,,,,,,,,,,,
 PCD514,Redwares,Guatemala,Peten,Nixtun Ch'ich',Paxcamàn Red,,,,,,,,,,,,,,,,,,,,,,,,,,,,,,,,,,,,
 *PCD515,Redwares,Guatemala,Peten,Nixtun Ch'ich',Paxcamàn Red,,,,,,,,,,,,,,,,,,,,,,,,,,,,,,,,,,,,
 PCD516,Redwares,Guatemala,Peten,Nixtun Ch'ich',Paxcamàn Red,,,,,,,,,,,,,,,,,,,,,,,,,,,,,,,,,,,,
 PCD517,Redwares,Guatemala,Peten,Nixtun Ch'ich',Paxcamàn Red,,,,,,,,,,,,,,,,,,,,,,,,,,,,,,,,,,,,
 PCD518,Redwares,Guatemala,Peten,Nixtun Ch'ich',Paxcamàn Red,,,,,,,,,,,,,,,,,,,,,,,,,,,,,,,,,,,,
 PCD519,Redwares,Guatemala,Peten,Nixtun Ch'ich',Paxcamàn Red,,,,,,,,,,,,,,,,,,,,,,,,,,,,,,,,,,,,
 PCD520,Redwares,Guatemala,Peten,Nixtun Ch'ich',Paxcamàn Red,,,,,,,,,,,,,,,,,,,,,,,,,,,,,,,,,,,,
 PCD521,Redwares,Guatemala,Peten,Nixtun Ch'ich',Paxcamàn Red,,,,,,,,,,,,,,,,,,,,,,,,,,,,,,,,,,,,
 PCD523,Redwares,Guatemala,Peten,Nixtun Ch'ich',Paxcamàn Red,,,,,,,,,,,,,,,,,,,,,,,,,,,,,,,,,,,,
PCD524,Redwares,Guatemala,Peten,Nixtun Ch'ich',Paxcamàn Red,,,,,,,,,,,,,,,,,,,,,,,,,,,,,,,,,,,,
 PCD525,Redwares,Guatemala,Peten,Nixtun Ch'ich',Paxcamàn Red,,,,,,,,,,,,,,,,,,,,,,,,,,,,,,,,,,,,
 *PCD526,Redwares,Guatemala,Peten,Nixtun Ch'ich',Paxcamàn Red,,,,,,,,,,,,,,,,,,,,,,,,,,,,,,,,,,,,
 PCD527,Redwares,Guatemala,Peten,Nixtun Ch'ich',Paxcamàn Red,,,,,,,,,,,,,,,,,,,,,,,,,,,,,,,,,,,,
 PCD528,Redwares,Guatemala,Peten,Nixtun Ch'ich',Paxcamàn Red,,,,,,,,,,,,,,,,,,,,,,,,,,,,,,,,,,,,
 PCD529,Redwares,Guatemala,Peten,Nixtun Ch'ich',Paxcamàn Red,,,,,,,,,,,,,,,,,,,,,,,,,,,,,,,,,,,,
 PCD530,Redwares,Guatemala,Peten,Nixtun Ch'ich',Paxcamàn Red,,,,,,,,,,,,,,,,,,,,,,,,,,,,,,,,,,,,
 PCD532,Redwares,Guatemala,Peten,Nixtun Ch'ich',Paxcamàn Red,,,,,,,,,,,,,,,,,,,,,,,,,,,,,,,,,,,,
PCD533,Redwares,Guatemala,Peten,Nixtun Ch'ich',Paxcamàn Red,,,,,,,,,,,,,,,,,,,,,,,,,,,,,,,,,,,,
 PCD534,Redwares,Guatemala,Peten,Nixtun Ch'ich',Paxcamàn Red,,,,,,,,,,,,,,,,,,,,,,,,,,,,,,,,,,,,
 PCD535,Redwares,Guatemala,Peten,Nixtun Ch'ich',Paxcamàn Red,,,,,,,,,,,,,,,,,,,,,,,,,,,,,,,,,,,,
 PCD536,Redwares,Guatemala,Peten,Nixtun Ch'ich',Paxcamàn Red,,,,,,,,,,,,,,,,,,,,,,,,,,,,,,,,,,,,
 *PCD537,Redwares,Guatemala,Peten,Nixtun Ch'ich',Paxcamàn Red,,,,,,,,,,,,,,,,,,,,,,,,,,,,,,,,,,,,
 PCD538,Redwares,Guatemala,Peten,Nixtun Ch'ich',Paxcamàn Red,,,,,,,,,,,,,,,,,,,,,,,,,,,,,,,,,,,,
 PCD539,Redwares,Guatemala,Peten,Nixtun Ch'ich',Paxcamàn Red,,,,,,,,,,,,,,,,,,,,,,,,,,,,,,,,,,,,
 PCD540,Redwares,Guatemala,Peten,Nixtun Ch'ich',Paxcamàn Red,,,,,,,,,,,,,,,,,,,,,,,,,,,,,,,,,,,,
PCD541,Redwares,Guatemala,Peten,Nixtun Ch'ich',Paxcamàn Red,,,,,,,,,,,,,,,,,,,,,,,,,,,,,,,,,,,,
 *PCD542,Redwares,Guatemala,Peten,Nixtun Ch'ich',Paxcamàn Red,,,,,,,,,,,,,,,,,,,,,,,,,,,,,,,,,,,,
 *PCD543,Redwares,Guatemala,Peten,Nixtun Ch'ich',Paxcamàn Red,,,,,,,,,,,,,,,,,,,,,,,,,,,,,,,,,,,,
 PCD545,Redwares,Guatemala,Peten,Nixtun Ch'ich',Paxcamàn Red,,,,,,,,,,,,,,,,,,,,,,,,,,,,,,,,,,,,
PCD546,Redwares,Guatemala,Peten,Nixtun Ch'ich',Paxcamàn Red,,,,,,,,,,,,,,,,,,,,,,,,,,,,,,,,,,,,
 PCD547,Redwares,Guatemala,Peten,Nixtun Ch'ich',Paxcamàn Red,,,,,,,,,,,,,,,,,,,,,,,,,,,,,,,,,,,,
 PCD548,Redwares,Guatemala,Peten,Nixtun Ch'ich',Paxcamàn Red,,,,,,,,,,,,,,,,,,,,,,,,,,,,,,,,,,,,
 PCD551,Redwares,Guatemala,Peten,Nixtun Ch'ich',Paxcamàn Red,,,,,,,,,,,,,,,,,,,,,,,,,,,,,,,,,,,,
 PCD552,Redwares,Guatemala,Peten,Nixtun Ch'ich',Paxcamàn Red,,,,,,,,,,,,,,,,,,,,,,,,,,,,,,,,,,,,
 PCD554,Redwares,Guatemala,Peten,Nixtun Ch'ich',Paxcamàn Red,,,,,,,,,,,,,,,,,,,,,,,,,,,,,,,,,,,,
 PCD560,Redwares,Guatemala,Peten,Nixtun Ch'ich',Paxcamàn Red,,,,,,,,,,,,,,,,,,,,,,,,,,,,,,,,,,,,
 PCD561,Redwares,Guatemala,Peten,Nixtun Ch'ich',Paxcamàn Red,,,,,,,,,,,,,,,,,,,,,,,,,,,,,,,,,,,,
 *PCD562,Redwares,Guatemala,Peten,Nixtun Ch'ich',Paxcamàn Red,,,,,,,,,,,,,,,,,,,,,,,,,,,,,,,,,,,,
 *PCD563,Redwares,Guatemala,Peten,Nixtun Ch'ich',Paxcamàn Red,,,,,,,,,,,,,,,,,,,,,,,,,,,,,,,,,,,,
 PCD564,Redwares,Guatemala,Peten,Nixtun Ch'ich',Paxcamàn Red,,,,,,,,,,,,,,,,,,,,,,,,,,,,,,,,,,,,
 PCD566,Redwares,Guatemala,Peten,Nixtun Ch'ich',Paxcamàn Red,,,,,,,,,,,,,,,,,,,,,,,,,,,,,,,,,,,,
 PCD567,Redwares,Guatemala,Peten,Nixtun Ch'ich',Paxcamàn Red,,,,,,,,,,,,,,,,,,,,,,,,,,,,,,,,,,,,
 PCD569,Redwares,Guatemala,Peten,Nixtun Ch'ich',Paxcamàn Red,,,,,,,,,,,,,,,,,,,,,,,,,,,,,,,,,,,,
 PCD570,Redwares,Guatemala,Peten,Nixtun Ch'ich',Paxcamàn Red,,,,,,,,,,,,,,,,,,,,,,,,,,,,,,,,,,,,
 PCD571,Redwares,Guatemala,Peten,Nixtun Ch'ich',Paxcamàn Red,,,,,,,,,,,,,,,,,,,,,,,,,,,,,,,,,,,,
 *PCD573,Redwares,Guatemala,Peten,Nixtun Ch'ich',Paxcamàn Red,,,,,,,,,,,,,,,,,,,,,,,,,,,,,,,,,,,,
 PCD574,Redwares,Guatemala,Peten,Nixtun Ch'ich',Paxcamàn Red,,,,,,,,,,,,,,,,,,,,,,,,,,,,,,,,,,,,
 PCD575,Redwares,Guatemala,Peten,Nixtun Ch'ich',Paxcamàn Red,,,,,,,,,,,,,,,,,,,,,,,,,,,,,,,,,,,,
 PCD576,Redwares,Guatemala,Peten,Nixtun Ch'ich',Paxcamàn Red,,,,,,,,,,,,,,,,,,,,,,,,,,,,,,,,,,,,
 PCD577,Redwares,Guatemala,Peten,Nixtun Ch'ich',Paxcamàn Red,,,,,,,,,,,,,,,,,,,,,,,,,,,,,,,,,,,,
 PCD579,Redwares,Guatemala,Peten,Nixtun Ch'ich',Paxcamàn Red,,,,,,,,,,,,,,,,,,,,,,,,,,,,,,,,,,,,
 PCD580,Redwares,Guatemala,Peten,Nixtun Ch'ich',Paxcamàn Red,,,,,,,,,,,,,,,,,,,,,,,,,,,,,,,,,,,,
 PCD581,Redwares,Guatemala,Peten,Nixtun Ch'ich',Paxcamàn Red,,,,,,,,,,,,,,,,,,,,,,,,,,,,,,,,,,,,
 PCD582,Redwares,Guatemala,Peten,Nixtun Ch'ich',Paxcamàn Red,,,,,,,,,,,,,,,,,,,,,,,,,,,,,,,,,,,,
PCD583,Redwares,Guatemala,Peten,Nixtun Ch'ich',Paxcamàn Red,,,,,,,,,,,,,,,,,,,,,,,,,,,,,,,,,,,,
 *PCD584,Redwares,Guatemala,Peten,Nixtun Ch'ich',Paxcamàn Red,,,,,,,,,,,,,,,,,,,,,,,,,,,,,,,,,,,,
 PCD585,Redwares,Guatemala,Peten,Nixtun Ch'ich',Paxcamàn Red,,,,,,,,,,,,,,,,,,,,,,,,,,,,,,,,,,,,
 PCD587,Redwares,Guatemala,Peten,Nixtun Ch'ich',Paxcamàn Red,,,,,,,,,,,,,,,,,,,,,,,,,,,,,,,,,,,,
 PCD588,Redwares,Guatemala,Peten,Nixtun Ch'ich',Paxcamàn Red,,,,,,,,,,,,,,,,,,,,,,,,,,,,,,,,,,,,
 PCD589,Redwares,Guatemala,Peten,Nixtun Ch'ich',Paxcamàn Red,,,,,,,,,,,,,,,,,,,,,,,,,,,,,,,,,,,,
 PCD590,Redwares,Guatemala,Peten,Nixtun Ch'ich',Paxcamàn Red,,,,,,,,,,,,,,,,,,,,,,,,,,,,,,,,,,,,
PCD597,Redwares,Guatemala,Peten,Nixtun Ch'ich',Paxcamàn Red,,,,,,,,,,,,,,,,,,,,,,,,,,,,,,,,,,,,
 PCD600,Redwares,Guatemala,Peten,Nixtun Ch'ich',Paxcamàn Red,,,,,,,,,,,,,,,,,,,,,,,,,,,,,,,,,,,,
 PCD469,Redwares,Guatemala,Peten,Nixtun Ch'ich',Ixpop Polychrome,,,,,,,,,,,,,,,,,,,,,,,,,,,,,,,,,,,,
 PCD500,Redwares,Guatemala,Peten,Nixtun Ch'ich',Ixpop Polychrome,,,,,,,,,,,,,,,,,,,,,,,,,,,,,,,,,,,,
 *PCD555,Redwares,Guatemala,Peten,Nixtun Ch'ich',Ixpop Polychrome,,,,,,,,,,,,,,,,,,,,,,,,,,,,,,,,,,,,
 PCD558,Redwares,Guatemala,Peten,Nixtun Ch'ich',Ixpop Polychrome,,,,,,,,,,,,,,,,,,,,,,,,,,,,,,,,,,,,
 PCD559,Redwares,Guatemala,Peten,Nixtun Ch'ich',Ixpop Polychrome,,,,,,,,,,,,,,,,,,,,,,,,,,,,,,,,,,,,
 *PCD591,Redwares,Guatemala,Peten,Nixtun Ch'ich',Ixpop Polychrome,,,,,,,,,,,,,,,,,,,,,,,,,,,,,,,,,,,,
 PCD594,Redwares,Guatemala,Peten,Nixtun Ch'ich',Ixpop Polychrome,,,,,,,,,,,,,,,,,,,,,,,,,,,,,,,,,,,,
 PCD596,Redwares,Guatemala,Peten,Nixtun Ch'ich',Ixpop Polychrome,,,,,,,,,,,,,,,,,,,,,,,,,,,,,,,,,,,,
 *PCD411,Redwares,Guatemala,Peten,Nixtun Ch'ich',Sacá Polychrome,,,,,,,,,,,,,,,,,,,,,,,,,,,,,,,,,,,,
 *PCD415,Redwares,Guatemala,Peten,Nixtun Ch'ich',Sacá Polychrome,,,,,,,,,,,,,,,,,,,,,,,,,,,,,,,,,,,,
 *PCD427,Redwares,Guatemala,Peten,Nixtun Ch'ich',Sacá Polychrome,,,,,,,,,,,,,,,,,,,,,,,,,,,,,,,,,,,,
 PCD599,Redwares,Guatemala,Peten,Nixtun Ch'ich',Sacá Polychrome,,,,,,,,,,,,,,,,,,,,,,,,,,,,,,,,,,,,
 PCD510,Redwares,Guatemala,Peten,Nixtun Ch'ich',Sacá Polychrome,,,,,,,,,,,,,,,,,,,,,,,,,,,,,,,,,,,,
 PCD565,Redwares,Guatemala,Peten,Nixtun Ch'ich',Sacá Polychrome,,,,,,,,,,,,,,,,,,,,,,,,,,,,,,,,,,,,
 *PCD418,Redwares,Guatemala,Peten,Nixtun Ch'ich',Macanché Red-on-paste,,,,,,,,,,,,,,,,,,,,,,,,,,,,,,,,,,,,
 PCD419,Redwares,Guatemala,Peten,Nixtun Ch'ich',Macanché Red-on-paste,,,,,,,,,,,,,,,,,,,,,,,,,,,,,,,,,,,,
 *PCD426,Redwares,Guatemala,Peten,Nixtun Ch'ich',Macanché Red-on-paste,,,,,,,,,,,,,,,,,,,,,,,,,,,,,,,,,,,,
 *PCD430,Redwares,Guatemala,Peten,Nixtun Ch'ich',Macanché Red-on-paste,,,,,,,,,,,,,,,,,,,,,,,,,,,,,,,,,,,,
 *PCD441,Redwares,Guatemala,Peten,Nixtun Ch'ich',Macanché Red-on-paste,,,,,,,,,,,,,,,,,,,,,,,,,,,,,,,,,,,,
 PCD443,Redwares,Guatemala,Peten,Nixtun Ch'ich',Macanché Red-on-paste,,,,,,,,,,,,,,,,,,,,,,,,,,,,,,,,,,,,
 PCD452,Redwares,Guatemala,Peten,Nixtun Ch'ich',Macanché Red-on-paste,,,,,,,,,,,,,,,,,,,,,,,,,,,,,,,,,,,,
 *PCD556,Redwares,Guatemala,Peten,Nixtun Ch'ich',Macanché Red-on-paste,,,,,,,,,,,,,,,,,,,,,,,,,,,,,,,,,,,,
 *PCD416,Redwares,Guatemala,Peten,Nixtun Ch'ich',Picú Incised: Picú Variety,,,,,,,,,,,,,,,,,,,,,,,,,,,,,,,,,,,,
 PCD429,Redwares,Guatemala,Peten,Nixtun Ch'ich',Picú Incised: Picú Variety,,,,,,,,,,,,,,,,,,,,,,,,,,,,,,,,,,,,
 *PCD453,Redwares,Guatemala,Peten,Nixtun Ch'ich',Picú Incised: Picú Variety,,,,,,,,,,,,,,,,,,,,,,,,,,,,,,,,,,,,
 *PCD477,Redwares,Guatemala,Peten,Nixtun Ch'ich',Picú Incised: Picú Variety,,,,,,,,,,,,,,,,,,,,,,,,,,,,,,,,,,,,
 PCD492,Redwares,Guatemala,Peten,Nixtun Ch'ich',Picú Incised: Picú Variety,,,,,,,,,,,,,,,,,,,,,,,,,,,,,,,,,,,,
 PCD503,Redwares,Guatemala,Peten,Nixtun Ch'ich',Picú Incised: Picú Variety,,,,,,,,,,,,,,,,,,,,,,,,,,,,,,,,,,,,
 PCD522,Redwares,Guatemala,Peten,Nixtun Ch'ich',Picú Incised: Thub Variety,,,,,,,,,,,,,,,,,,,,,,,,,,,,,,,,,,,,
 PCD531,Redwares,Guatemala,Peten,Nixtun Ch'ich',Picú Incised: Thub Variety,,,,,,,,,,,,,,,,,,,,,,,,,,,,,,,,,,,,
 *PCD544,Redwares,Guatemala,Peten,Nixtun Ch'ich',Picú Incised: Thub Variety,,,,,,,,,,,,,,,,,,,,,,,,,,,,,,,,,,,,
 PCD549,Redwares,Guatemala,Peten,Nixtun Ch'ich',Picú Incised: Thub Variety,,,,,,,,,,,,,,,,,,,,,,,,,,,,,,,,,,,,
 PCD550,Redwares,Guatemala,Peten,Nixtun Ch'ich',Picú Incised: Thub Variety,,,,,,,,,,,,,,,,,,,,,,,,,,,,,,,,,,,,
 PCD553,Redwares,Guatemala,Peten,Nixtun Ch'ich',Picú Incised: Thub Variety,,,,,,,,,,,,,,,,,,,,,,,,,,,,,,,,,,,,
 PCD595,Redwares,Guatemala,Peten,Nixtun Ch'ich',Picú Incised: Thub Variety,,,,,,,,,,,,,,,,,,,,,,,,,,,,,,,,,,,,
 *PCD438,Redwares,Guatemala,Peten,Nixtun Ch'ich',Fulano Black,,,,,,,,,,,,,,,,,,,,,,,,,,,,,,,,,,,,
 PCD449,Redwares,Guatemala,Peten,Nixtun Ch'ich',Fulano Black,,,,,,,,,,,,,,,,,,,,,,,,,,,,,,,,,,,,
 PCD451,Redwares,Guatemala,Peten,Nixtun Ch'ich',Fulano Black,,,,,,,,,,,,,,,,,,,,,,,,,,,,,,,,,,,,
 *PCD473,Redwares,Guatemala,Peten,Nixtun Ch'ich',Fulano Black,,,,,,,,,,,,,,,,,,,,,,,,,,,,,,,,,,,,
 *PCD413,Redwares,Guatemala,Peten,Nixtun Ch'ich',Trapeche Pink,,,,,,,,,,,,,,,,,,,,,,,,,,,,,,,,,,,,
 *PCD421,Redwares,Guatemala,Peten,Nixtun Ch'ich',Trapeche Pink,,,,,,,,,,,,,,,,,,,,,,,,,,,,,,,,,,,,
 PCD459,Redwares,Guatemala,Peten,Nixtun Ch'ich',Trapeche Pink,,,,,,,,,,,,,,,,,,,,,,,,,,,,,,,,,,,,
 *PCD467,Redwares,Guatemala,Peten,Nixtun Ch'ich',Trapeche Pink,,,,,,,,,,,,,,,,,,,,,,,,,,,,,,,,,,,,
 PCD475,Redwares,Guatemala,Peten,Nixtun Ch'ich',Trapeche Pink,,,,,,,,,,,,,,,,,,,,,,,,,,,,,,,,,,,,
 *PCD504,Redwares,Guatemala,Peten,Nixtun Ch'ich',Trapeche Pink,,,,,,,,,,,,,,,,,,,,,,,,,,,,,,,,,,,,
 PCD507,Redwares,Guatemala,Peten,Nixtun Ch'ich',Trapeche Pink,,,,,,,,,,,,,,,,,,,,,,,,,,,,,,,,,,,,
 PCD568,Redwares,Guatemala,Peten,Nixtun Ch'ich',Xuluc Incised,,,,,,,,,,,,,,,,,,,,,,,,,,,,,,,,,,,,
 *PCD412,Redwares,Guatemala,Peten,Nixtun Ch'ich',Topoxté Red,,,,,,,,,,,,,,,,,,,,,,,,,,,,,,,,,,,,
 PCD420,Redwares,Guatemala,Peten,Nixtun Ch'ich',Topoxté Red,,,,,,,,,,,,,,,,,,,,,,,,,,,,,,,,,,,,
 *PCD423,Redwares,Guatemala,Peten,Nixtun Ch'ich',Topoxté Red,,,,,,,,,,,,,,,,,,,,,,,,,,,,,,,,,,,,
 PCD425,Redwares,Guatemala,Peten,Nixtun Ch'ich',Topoxté Red,,,,,,,,,,,,,,,,,,,,,,,,,,,,,,,,,,,,
 PCD442,Redwares,Guatemala,Peten,Nixtun Ch'ich',Topoxté Red,,,,,,,,,,,,,,,,,,,,,,,,,,,,,,,,,,,,
 PCD444,Redwares,Guatemala,Peten,Nixtun Ch'ich',Topoxté Red,,,,,,,,,,,,,,,,,,,,,,,,,,,,,,,,,,,,
 PCD450,Redwares,Guatemala,Peten,Nixtun Ch'ich',Topoxté Red,,,,,,,,,,,,,,,,,,,,,,,,,,,,,,,,,,,,
PCD454,Redwares,Guatemala,Peten,Nixtun Ch'ich',Topoxté Red,,,,,,,,,,,,,,,,,,,,,,,,,,,,,,,,,,,,
 *PCD458,Redwares,Guatemala,Peten,Nixtun Ch'ich',Topoxté Red,,,,,,,,,,,,,,,,,,,,,,,,,,,,,,,,,,,,
 PCD460,Redwares,Guatemala,Peten,Nixtun Ch'ich',Topoxté Red,,,,,,,,,,,,,,,,,,,,,,,,,,,,,,,,,,,,
 *PCD465,Redwares,Guatemala,Peten,Nixtun Ch'ich',Topoxté Red,,,,,,,,,,,,,,,,,,,,,,,,,,,,,,,,,,,,
PCD468,Redwares,Guatemala,Peten,Nixtun Ch'ich',Topoxté Red,,,,,,,,,,,,,,,,,,,,,,,,,,,,,,,,,,,,
 *PCD472,Redwares,Guatemala,Peten,Nixtun Ch'ich',Topoxté Red,,,,,,,,,,,,,,,,,,,,,,,,,,,,,,,,,,,,
 PCD474,Redwares,Guatemala,Peten,Nixtun Ch'ich',Topoxté Red,,,,,,,,,,,,,,,,,,,,,,,,,,,,,,,,,,,,
 PCD476,Redwares,Guatemala,Peten,Nixtun Ch'ich',Topoxté Red,,,,,,,,,,,,,,,,,,,,,,,,,,,,,,,,,,,,
 PCD478,Redwares,Guatemala,Peten,Nixtun Ch'ich',Topoxté Red,,,,,,,,,,,,,,,,,,,,,,,,,,,,,,,,,,,,
 PCD491,Redwares,Guatemala,Peten,Nixtun Ch'ich',Topoxté Red,,,,,,,,,,,,,,,,,,,,,,,,,,,,,,,,,,,,
 PCD506,Redwares,Guatemala,Peten,Nixtun Ch'ich',Topoxté Red,,,,,,,,,,,,,,,,,,,,,,,,,,,,,,,,,,,,
 PCD508,Redwares,Guatemala,Peten,Nixtun Ch'ich',Topoxté Red,,,,,,,,,,,,,,,,,,,,,,,,,,,,,,,,,,,,
PCD510,Redwares,Guatemala,Peten,Nixtun Ch'ich',Topoxté Red,,,,,,,,,,,,,,,,,,,,,,,,,,,,,,,,,,,,
 PCD557,Redwares,Guatemala,Peten,Nixtun Ch'ich',Topoxté Red,,,,,,,,,,,,,,,,,,,,,,,,,,,,,,,,,,,,
 PCD572,Redwares,Guatemala,Peten,Nixtun Ch'ich',Topoxté Red,,,,,,,,,,,,,,,,,,,,,,,,,,,,,,,,,,,,
 *PCD578,Redwares,Guatemala,Peten,Nixtun Ch'ich',Topoxté Red,,,,,,,,,,,,,,,,,,,,,,,,,,,,,,,,,,,,
 * PCD586,Redwares,Guatemala,Peten,Nixtun Ch'ich',Topoxté Red,,,,,,,,,,,,,,,,,,,,,,,,,,,,,,,,,,,,
 PCD592,Redwares,Guatemala,Peten,Nixtun Ch'ich',Topoxté Red,,,,,,,,,,,,,,,,,,,,,,,,,,,,,,,,,,,,
 *PCD593,Redwares,Guatemala,Peten,Nixtun Ch'ich',Topoxté Red,,,,,,,,,,,,,,,,,,,,,,,,,,,,,,,,,,,,
 PCD598,Redwares,Guatemala,Peten,Nixtun Ch'ich',Topoxté Red,,,,,,,,,,,,,,,,,,,,,,,,,,,,,,,,,,,,
 PCD599 ,Redwares,Guatemala,Peten,Nixtun Ch'ich',Topoxté Red,,,,,,,,,,,,,,,,,,,,,,,,,,,,,,,,,,,,
*PCD428,Incensarios,Guatemala,Peten,Nixtun Ch'ich',Chilo,,,,,,,,,,,,,,,,,,,,,,,,,,,,,,,,,,,,
 *PCD511,Incensarios,Guatemala,Peten,Nixtun Ch'ich',Chilo,,,,,,,,,,,,,,,,,,,,,,,,,,,,,,,,,,,,
 *PCD402,Incensarios,Guatemala,Peten,Nixtun Ch'ich',Extranjeros Impressed,,,,,,,,,,,,,,,,,,,,,,,,,,,,,,,,,,,,
 *PCD404,Incensarios,Guatemala,Peten,Nixtun Ch'ich',Fijate Composite,,,,,,,,,,,,,,,,,,,,,,,,,,,,,,,,,,,,
 PCD487,Incensarios,Guatemala,Peten,Nixtun Ch'ich',Fijate Composite,,,,,,,,,,,,,,,,,,,,,,,,,,,,,,,,,,,,
 *PCD490,Incensarios,Guatemala,Peten,Nixtun Ch'ich',Fijate Composite,,,,,,,,,,,,,,,,,,,,,,,,,,,,,,,,,,,,
 *PCD408,Incensarios,Guatemala,Peten,Nixtun Ch'ich',Gotas Composite,,,,,,,,,,,,,,,,,,,,,,,,,,,,,,,,,,,,
 *PCD440,Incensarios,Guatemala,Peten,Nixtun Ch'ich',Gotas Composite,,,,,,,,,,,,,,,,,,,,,,,,,,,,,,,,,,,,
 PCD457,Incensarios,Guatemala,Peten,Nixtun Ch'ich',Gotas Composite,,,,,,,,,,,,,,,,,,,,,,,,,,,,,,,,,,,,
 *PCD480,Incensarios,Guatemala,Peten,Nixtun Ch'ich',Gotas Composite,,,,,,,,,,,,,,,,,,,,,,,,,,,,,,,,,,,,
 PCD485,Incensarios,Guatemala,Peten,Nixtun Ch'ich',Gotas Composite,,,,,,,,,,,,,,,,,,,,,,,,,,,,,,,,,,,,
 PCD512,Incensarios,Guatemala,Peten,Nixtun Ch'ich',Gotas Composite,,,,,,,,,,,,,,,,,,,,,,,,,,,,,,,,,,,,
 *PCD502,Incensarios,Guatemala,Peten,Nixtun Ch'ich',La Justa Composite,,,,,,,,,,,,,,,,,,,,,,,,,,,,,,,,,,,,
 PCD505,Incensarios,Guatemala,Peten,Nixtun Ch'ich',La Justa Composite,,,,,,,,,,,,,,,,,,,,,,,,,,,,,,,,,,,,
 PCD509,Incensarios,Guatemala,Peten,Nixtun Ch'ich',La Justa Composite,,,,,,,,,,,,,,,,,,,,,,,,,,,,,,,,,,,,
 *PCD393,Incensarios,Guatemala,Peten,Nixtun Ch'ich',Patojo Modeled,,,,,,,,,,,,,,,,,,,,,,,,,,,,,,,,,,,,
 *PCD 455,Incensarios,Guatemala,Peten,Nixtun Ch'ich',Patojo Modeled,,,,,,,,,,,,,,,,,,,,,,,,,,,,,,,,,,,,
 PCD493,Incensarios,Guatemala,Peten,Nixtun Ch'ich',Patojo Modeled,,,,,,,,,,,,,,,,,,,,,,,,,,,,,,,,,,,,
PCD011,Redwares,Mexico,North-central Yucatan,Mayapán,Mama Red,,,,,,,,,,,,,,,,,,,,,,,,,,,,,,,,,,,,
 PCD041,Redwares,Mexico,North-central Yucatan,Mayapán,Mama Red,,,,,,,,,,,,,,,,,,,,,,,,,,,,,,,,,,,,
 PCD042,Redwares,Mexico,North-central Yucatan,Mayapán,Mama Red,,,,,,,,,,,,,,,,,,,,,,,,,,,,,,,,,,,,
PCD048,Redwares,Mexico,North-central Yucatan,Mayapán,Mama Red,,,,,,,,,,,,,,,,,,,,,,,,,,,,,,,,,,,,
 PCD049,Redwares,Mexico,North-central Yucatan,Mayapán,Mama Red,,,,,,,,,,,,,,,,,,,,,,,,,,,,,,,,,,,,
 PCD050,Redwares,Mexico,North-central Yucatan,Mayapán,Mama Red,,,,,,,,,,,,,,,,,,,,,,,,,,,,,,,,,,,,
 PCD052,Redwares,Mexico,North-central Yucatan,Mayapán,Mama Red,,,,,,,,,,,,,,,,,,,,,,,,,,,,,,,,,,,,
 PCD053,Redwares,Mexico,North-central Yucatan,Mayapán,Mama Red,,,,,,,,,,,,,,,,,,,,,,,,,,,,,,,,,,,,
 PCD059,Redwares,Mexico,North-central Yucatan,Mayapán,Mama Red,,,,,,,,,,,,,,,,,,,,,,,,,,,,,,,,,,,,
 PCD060,Redwares,Mexico,North-central Yucatan,Mayapán,Mama Red,,,,,,,,,,,,,,,,,,,,,,,,,,,,,,,,,,,,
 PCD061,Redwares,Mexico,North-central Yucatan,Mayapán,Mama Red,,,,,,,,,,,,,,,,,,,,,,,,,,,,,,,,,,,,
 PCD063,Redwares,Mexico,North-central Yucatan,Mayapán,Mama Red,,,,,,,,,,,,,,,,,,,,,,,,,,,,,,,,,,,,
 *PCD072,Redwares,Mexico,North-central Yucatan,Mayapán,Mama Red,,,,,,,,,,,,,,,,,,,,,,,,,,,,,,,,,,,,
 *PCD073,Redwares,Mexico,North-central Yucatan,Mayapán,Mama Red,,,,,,,,,,,,,,,,,,,,,,,,,,,,,,,,,,,,
 PCD076,Redwares,Mexico,North-central Yucatan,Mayapán,Mama Red,,,,,,,,,,,,,,,,,,,,,,,,,,,,,,,,,,,,
 PCD083,Redwares,Mexico,North-central Yucatan,Mayapán,Mama Red,,,,,,,,,,,,,,,,,,,,,,,,,,,,,,,,,,,,
 PCD089,Redwares,Mexico,North-central Yucatan,Mayapán,Mama Red,,,,,,,,,,,,,,,,,,,,,,,,,,,,,,,,,,,,
 *PCD090,Redwares,Mexico,North-central Yucatan,Mayapán,Mama Red,,,,,,,,,,,,,,,,,,,,,,,,,,,,,,,,,,,,
 PCD092,Redwares,Mexico,North-central Yucatan,Mayapán,Mama Red,,,,,,,,,,,,,,,,,,,,,,,,,,,,,,,,,,,,
 PCD099,Redwares,Mexico,North-central Yucatan,Mayapán,Mama Red,,,,,,,,,,,,,,,,,,,,,,,,,,,,,,,,,,,,
 PCD113,Redwares,Mexico,North-central Yucatan,Mayapán,Mama Red,,,,,,,,,,,,,,,,,,,,,,,,,,,,,,,,,,,,
 PCD114,Redwares,Mexico,North-central Yucatan,Mayapán,Mama Red,,,,,,,,,,,,,,,,,,,,,,,,,,,,,,,,,,,,
 PCD117,Redwares,Mexico,North-central Yucatan,Mayapán,Mama Red,,,,,,,,,,,,,,,,,,,,,,,,,,,,,,,,,,,,
 PCD119,Redwares,Mexico,North-central Yucatan,Mayapán,Mama Red,,,,,,,,,,,,,,,,,,,,,,,,,,,,,,,,,,,,
 PCD121,Redwares,Mexico,North-central Yucatan,Mayapán,Mama Red,,,,,,,,,,,,,,,,,,,,,,,,,,,,,,,,,,,,
 PCD126,Redwares,Mexico,North-central Yucatan,Mayapán,Mama Red,,,,,,,,,,,,,,,,,,,,,,,,,,,,,,,,,,,,
 PCD127,Redwares,Mexico,North-central Yucatan,Mayapán,Mama Red,,,,,,,,,,,,,,,,,,,,,,,,,,,,,,,,,,,,
 PCD131,Redwares,Mexico,North-central Yucatan,Mayapán,Mama Red,,,,,,,,,,,,,,,,,,,,,,,,,,,,,,,,,,,,
 PCD135,Redwares,Mexico,North-central Yucatan,Mayapán,Mama Red,,,,,,,,,,,,,,,,,,,,,,,,,,,,,,,,,,,,
 PCD136,Redwares,Mexico,North-central Yucatan,Mayapán,Mama Red,,,,,,,,,,,,,,,,,,,,,,,,,,,,,,,,,,,,
 PCD137,Redwares,Mexico,North-central Yucatan,Mayapán,Mama Red,,,,,,,,,,,,,,,,,,,,,,,,,,,,,,,,,,,,
 PCD138,Redwares,Mexico,North-central Yucatan,Mayapán,Mama Red,,,,,,,,,,,,,,,,,,,,,,,,,,,,,,,,,,,,
 PCD140,Redwares,Mexico,North-central Yucatan,Mayapán,Mama Red,,,,,,,,,,,,,,,,,,,,,,,,,,,,,,,,,,,,
 PCD143,Redwares,Mexico,North-central Yucatan,Mayapán,Mama Red,,,,,,,,,,,,,,,,,,,,,,,,,,,,,,,,,,,,
 PCD150,Redwares,Mexico,North-central Yucatan,Mayapán,Mama Red,,,,,,,,,,,,,,,,,,,,,,,,,,,,,,,,,,,,
*PCD157,Redwares,Mexico,North-central Yucatan,Mayapán,Mama Red,,,,,,,,,,,,,,,,,,,,,,,,,,,,,,,,,,,,
 PCD180,Redwares,Mexico,North-central Yucatan,Mayapán,Mama Red,,,,,,,,,,,,,,,,,,,,,,,,,,,,,,,,,,,,
 PCD181,Redwares,Mexico,North-central Yucatan,Mayapán,Mama Red,,,,,,,,,,,,,,,,,,,,,,,,,,,,,,,,,,,,
 PCD182,Redwares,Mexico,North-central Yucatan,Mayapán,Mama Red,,,,,,,,,,,,,,,,,,,,,,,,,,,,,,,,,,,,
 PCD187,Redwares,Mexico,North-central Yucatan,Mayapán,Mama Red,,,,,,,,,,,,,,,,,,,,,,,,,,,,,,,,,,,,
 PCD188,Redwares,Mexico,North-central Yucatan,Mayapán,Mama Red,,,,,,,,,,,,,,,,,,,,,,,,,,,,,,,,,,,,
 PCD081,Redwares,Mexico,North-central Yucatan,Mayapán,Papacal Incised,,,,,,,,,,,,,,,,,,,,,,,,,,,,,,,,,,,,
 PCD084,Redwares,Mexico,North-central Yucatan,Mayapán,Papacal Incised,,,,,,,,,,,,,,,,,,,,,,,,,,,,,,,,,,,,
 PCD087,Redwares,Mexico,North-central Yucatan,Mayapán,Papacal Incised,,,,,,,,,,,,,,,,,,,,,,,,,,,,,,,,,,,,
PCD103,Redwares,Mexico,North-central Yucatan,Mayapán,Papacal Incised,,,,,,,,,,,,,,,,,,,,,,,,,,,,,,,,,,,,
 *PCD104,Redwares,Mexico,North-central Yucatan,Mayapán,Papacal Incised,,,,,,,,,,,,,,,,,,,,,,,,,,,,,,,,,,,,
 PCD105,Redwares,Mexico,North-central Yucatan,Mayapán,Papacal Incised,,,,,,,,,,,,,,,,,,,,,,,,,,,,,,,,,,,,
 PCD123,Redwares,Mexico,North-central Yucatan,Mayapán,Papacal Incised,,,,,,,,,,,,,,,,,,,,,,,,,,,,,,,,,,,,
 PCD129,Redwares,Mexico,North-central Yucatan,Mayapán,Papacal Incised,,,,,,,,,,,,,,,,,,,,,,,,,,,,,,,,,,,,
 PCD149,Redwares,Mexico,North-central Yucatan,Mayapán,Papacal Incised,,,,,,,,,,,,,,,,,,,,,,,,,,,,,,,,,,,,
 PCD174,Redwares,Mexico,North-central Yucatan,Mayapán,Papacal Incised,,,,,,,,,,,,,,,,,,,,,,,,,,,,,,,,,,,,
 PCD183,Redwares,Mexico,North-central Yucatan,Mayapán,Papacal Incised,,,,,,,,,,,,,,,,,,,,,,,,,,,,,,,,,,,,
 PCD194,Redwares,Mexico,North-central Yucatan,Mayapán,Papacal Incised,,,,,,,,,,,,,,,,,,,,,,,,,,,,,,,,,,,,
 *PCD065,Redwares,Mexico,North-central Yucatan,Mayapán,Mayapán Red/Black,,,,,,,,,,,,,,,,,,,,,,,,,,,,,,,,,,,,
 PCD066,Redwares,Mexico,North-central Yucatan,Mayapán,Mayapán Red/Black,,,,,,,,,,,,,,,,,,,,,,,,,,,,,,,,,,,,
 *PCD163,Redwares,Mexico,North-central Yucatan,Mayapán,Mayapán Red/Black,,,,,,,,,,,,,,,,,,,,,,,,,,,,,,,,,,,,
 PCD164,Redwares,Mexico,North-central Yucatan,Mayapán,Mayapán Red/Black,,,,,,,,,,,,,,,,,,,,,,,,,,,,,,,,,,,,
 PCD013,Redwares,Mexico,North-central Yucatan,Mayapán,Tecoh Red-on-buff,,,,,,,,,,,,,,,,,,,,,,,,,,,,,,,,,,,,
 *PCD014,Redwares,Mexico,North-central Yucatan,Mayapán,Tecoh Red-on-buff,,,,,,,,,,,,,,,,,,,,,,,,,,,,,,,,,,,,
 PCD017,Redwares,Mexico,North-central Yucatan,Mayapán,Tecoh Red-on-buff,,,,,,,,,,,,,,,,,,,,,,,,,,,,,,,,,,,,
 PCD018,Redwares,Mexico,North-central Yucatan,Mayapán,Tecoh Red-on-buff,,,,,,,,,,,,,,,,,,,,,,,,,,,,,,,,,,,,
 *PCD023,Redwares,Mexico,North-central Yucatan,Mayapán,Tecoh Red-on-buff,,,,,,,,,,,,,,,,,,,,,,,,,,,,,,,,,,,,
 PCD024,Redwares,Mexico,North-central Yucatan,Mayapán,Tecoh Red-on-buff,,,,,,,,,,,,,,,,,,,,,,,,,,,,,,,,,,,,
 PCD026,Redwares,Mexico,North-central Yucatan,Mayapán,Tecoh Red-on-buff,,,,,,,,,,,,,,,,,,,,,,,,,,,,,,,,,,,,
PCD027,Redwares,Mexico,North-central Yucatan,Mayapán,Tecoh Red-on-buff,,,,,,,,,,,,,,,,,,,,,,,,,,,,,,,,,,,,
 PCD040,Redwares,Mexico,North-central Yucatan,Mayapán,Tecoh Red-on-buff,,,,,,,,,,,,,,,,,,,,,,,,,,,,,,,,,,,,
 PCD043,Redwares,Mexico,North-central Yucatan,Mayapán,Tecoh Red-on-buff,,,,,,,,,,,,,,,,,,,,,,,,,,,,,,,,,,,,
 PCD044,Redwares,Mexico,North-central Yucatan,Mayapán,Tecoh Red-on-buff,,,,,,,,,,,,,,,,,,,,,,,,,,,,,,,,,,,,
 PCD045,Redwares,Mexico,North-central Yucatan,Mayapán,Tecoh Red-on-buff,,,,,,,,,,,,,,,,,,,,,,,,,,,,,,,,,,,,
 PCD046,Redwares,Mexico,North-central Yucatan,Mayapán,Tecoh Red-on-buff,,,,,,,,,,,,,,,,,,,,,,,,,,,,,,,,,,,,
 PCD047,Redwares,Mexico,North-central Yucatan,Mayapán,Tecoh Red-on-buff,,,,,,,,,,,,,,,,,,,,,,,,,,,,,,,,,,,,
 PCD088,Redwares,Mexico,North-central Yucatan,Mayapán,Tecoh Red-on-buff,,,,,,,,,,,,,,,,,,,,,,,,,,,,,,,,,,,,
 PCD093,Redwares,Mexico,North-central Yucatan,Mayapán,Tecoh Red-on-buff,,,,,,,,,,,,,,,,,,,,,,,,,,,,,,,,,,,,
 *PCD102,Redwares,Mexico,North-central Yucatan,Mayapán,Tecoh Red-on-buff,,,,,,,,,,,,,,,,,,,,,,,,,,,,,,,,,,,,
 PCD106,Redwares,Mexico,North-central Yucatan,Mayapán,Tecoh Red-on-buff,,,,,,,,,,,,,,,,,,,,,,,,,,,,,,,,,,,,
PCD107,Redwares,Mexico,North-central Yucatan,Mayapán,Tecoh Red-on-buff,,,,,,,,,,,,,,,,,,,,,,,,,,,,,,,,,,,,
 *PCD108,Redwares,Mexico,North-central Yucatan,Mayapán,Tecoh Red-on-buff,,,,,,,,,,,,,,,,,,,,,,,,,,,,,,,,,,,,
 *PCD109,Redwares,Mexico,North-central Yucatan,Mayapán,Tecoh Red-on-buff,,,,,,,,,,,,,,,,,,,,,,,,,,,,,,,,,,,,
 *PCD111,Redwares,Mexico,North-central Yucatan,Mayapán,Tecoh Red-on-buff,,,,,,,,,,,,,,,,,,,,,,,,,,,,,,,,,,,,
 PCD115,Redwares,Mexico,North-central Yucatan,Mayapán,Tecoh Red-on-buff,,,,,,,,,,,,,,,,,,,,,,,,,,,,,,,,,,,,
 PCD118,Redwares,Mexico,North-central Yucatan,Mayapán,Tecoh Red-on-buff,,,,,,,,,,,,,,,,,,,,,,,,,,,,,,,,,,,,
 PCD125,Redwares,Mexico,North-central Yucatan,Mayapán,Tecoh Red-on-buff,,,,,,,,,,,,,,,,,,,,,,,,,,,,,,,,,,,,
 PCD128,Redwares,Mexico,North-central Yucatan,Mayapán,Tecoh Red-on-buff,,,,,,,,,,,,,,,,,,,,,,,,,,,,,,,,,,,,
 PCD141,Redwares,Mexico,North-central Yucatan,Mayapán,Tecoh Red-on-buff,,,,,,,,,,,,,,,,,,,,,,,,,,,,,,,,,,,,
 PCD151,Redwares,Mexico,North-central Yucatan,Mayapán,Tecoh Red-on-buff,,,,,,,,,,,,,,,,,,,,,,,,,,,,,,,,,,,,
 *PCD 154,Redwares,Mexico,North-central Yucatan,Mayapán,Tecoh Red-on-buff,,,,,,,,,,,,,,,,,,,,,,,,,,,,,,,,,,,,
 *PCD 155,Redwares,Mexico,North-central Yucatan,Mayapán,Tecoh Red-on-buff,,,,,,,,,,,,,,,,,,,,,,,,,,,,,,,,,,,,
 *PCD156,Redwares,Mexico,North-central Yucatan,Mayapán,Tecoh Red-on-buff,,,,,,,,,,,,,,,,,,,,,,,,,,,,,,,,,,,,
 *PCD158,Redwares,Mexico,North-central Yucatan,Mayapán,Tecoh Red-on-buff,,,,,,,,,,,,,,,,,,,,,,,,,,,,,,,,,,,,
 *PCD161,Redwares,Mexico,North-central Yucatan,Mayapán,Tecoh Red-on-buff,,,,,,,,,,,,,,,,,,,,,,,,,,,,,,,,,,,,
 *PCD165,Redwares,Mexico,North-central Yucatan,Mayapán,Tecoh Red-on-buff,,,,,,,,,,,,,,,,,,,,,,,,,,,,,,,,,,,,
 PCD166,Redwares,Mexico,North-central Yucatan,Mayapán,Tecoh Red-on-buff,,,,,,,,,,,,,,,,,,,,,,,,,,,,,,,,,,,,
 PCD167,Redwares,Mexico,North-central Yucatan,Mayapán,Tecoh Red-on-buff,,,,,,,,,,,,,,,,,,,,,,,,,,,,,,,,,,,,
 *PCD168,Redwares,Mexico,North-central Yucatan,Mayapán,Tecoh Red-on-buff,,,,,,,,,,,,,,,,,,,,,,,,,,,,,,,,,,,,
 PCD169,Redwares,Mexico,North-central Yucatan,Mayapán,Tecoh Red-on-buff,,,,,,,,,,,,,,,,,,,,,,,,,,,,,,,,,,,,
 PCD170,Redwares,Mexico,North-central Yucatan,Mayapán,Tecoh Red-on-buff,,,,,,,,,,,,,,,,,,,,,,,,,,,,,,,,,,,,
 PCD172,Redwares,Mexico,North-central Yucatan,Mayapán,Tecoh Red-on-buff,,,,,,,,,,,,,,,,,,,,,,,,,,,,,,,,,,,,
 PCD175,Redwares,Mexico,North-central Yucatan,Mayapán,Tecoh Red-on-buff,,,,,,,,,,,,,,,,,,,,,,,,,,,,,,,,,,,,
 *PCD176,Redwares,Mexico,North-central Yucatan,Mayapán,Tecoh Red-on-buff,,,,,,,,,,,,,,,,,,,,,,,,,,,,,,,,,,,,
 * PCD177,Redwares,Mexico,North-central Yucatan,Mayapán,Tecoh Red-on-buff,,,,,,,,,,,,,,,,,,,,,,,,,,,,,,,,,,,,
 *PCD186,Redwares,Mexico,North-central Yucatan,Mayapán,Tecoh Red-on-buff,,,,,,,,,,,,,,,,,,,,,,,,,,,,,,,,,,,,
 *PCD190,Redwares,Mexico,North-central Yucatan,Mayapán,Tecoh Red-on-buff,,,,,,,,,,,,,,,,,,,,,,,,,,,,,,,,,,,,
 * PCD 191,Redwares,Mexico,North-central Yucatan,Mayapán,Tecoh Red-on-buff,,,,,,,,,,,,,,,,,,,,,,,,,,,,,,,,,,,,
*PCD192,Redwares,Mexico,North-central Yucatan,Mayapán,Tecoh Red-on-buff,,,,,,,,,,,,,,,,,,,,,,,,,,,,,,,,,,,,
* PCD198,Redwares,Mexico,North-central Yucatan,Mayapán,Tecoh Red-on-buff,,,,,,,,,,,,,,,,,,,,,,,,,,,,,,,,,,,,
 * PCD199,Redwares,Mexico,North-central Yucatan,Mayapán,Tecoh Red-on-buff,,,,,,,,,,,,,,,,,,,,,,,,,,,,,,,,,,,,
 *PCD200,Redwares,Mexico,North-central Yucatan,Mayapán,Tecoh Red-on-buff,,,,,,,,,,,,,,,,,,,,,,,,,,,,,,,,,,,,
 PCD054,Redwares,Mexico,North-central Yucatan,Mayapán,Polbox Buff,,,,,,,,,,,,,,,,,,,,,,,,,,,,,,,,,,,,
 PCD058,Redwares,Mexico,North-central Yucatan,Mayapán,Polbox Buff,,,,,,,,,,,,,,,,,,,,,,,,,,,,,,,,,,,,
 PCD077,Redwares,Mexico,North-central Yucatan,Mayapán,Polbox Buff,,,,,,,,,,,,,,,,,,,,,,,,,,,,,,,,,,,,
 *PCD078,Redwares,Mexico,North-central Yucatan,Mayapán,Polbox Buff,,,,,,,,,,,,,,,,,,,,,,,,,,,,,,,,,,,,
 PCD085,Redwares,Mexico,North-central Yucatan,Mayapán,Polbox Buff,,,,,,,,,,,,,,,,,,,,,,,,,,,,,,,,,,,,
 *PCD091,Redwares,Mexico,North-central Yucatan,Mayapán,Polbox Buff,,,,,,,,,,,,,,,,,,,,,,,,,,,,,,,,,,,,
 PCD100,Redwares,Mexico,North-central Yucatan,Mayapán,Polbox Buff,,,,,,,,,,,,,,,,,,,,,,,,,,,,,,,,,,,,
PCD110,Redwares,Mexico,North-central Yucatan,Mayapán,Polbox Buff,,,,,,,,,,,,,,,,,,,,,,,,,,,,,,,,,,,,
 PCD120,Redwares,Mexico,North-central Yucatan,Mayapán,Polbox Buff,,,,,,,,,,,,,,,,,,,,,,,,,,,,,,,,,,,,
 *PCD124,Redwares,Mexico,North-central Yucatan,Mayapán,Polbox Buff,,,,,,,,,,,,,,,,,,,,,,,,,,,,,,,,,,,,
 PCD130,Redwares,Mexico,North-central Yucatan,Mayapán,Polbox Buff,,,,,,,,,,,,,,,,,,,,,,,,,,,,,,,,,,,,
 PCD146,Redwares,Mexico,North-central Yucatan,Mayapán,Polbox Buff,,,,,,,,,,,,,,,,,,,,,,,,,,,,,,,,,,,,
 PCD152,Redwares,Mexico,North-central Yucatan,Mayapán,Polbox Buff,,,,,,,,,,,,,,,,,,,,,,,,,,,,,,,,,,,,
 PCD185,Redwares,Mexico,North-central Yucatan,Mayapán,Polbox Buff,,,,,,,,,,,,,,,,,,,,,,,,,,,,,,,,,,,,
 PCD189,Redwares,Mexico,North-central Yucatan,Mayapán,Polbox Buff,,,,,,,,,,,,,,,,,,,,,,,,,,,,,,,,,,,,
 PCD015,Redwares,Mexico,North-central Yucatan,Mayapán,Pele Polychrome,,,,,,,,,,,,,,,,,,,,,,,,,,,,,,,,,,,,
 *PCD016,Redwares,Mexico,North-central Yucatan,Mayapán,Pele Polychrome,,,,,,,,,,,,,,,,,,,,,,,,,,,,,,,,,,,,
 PCD021,Redwares,Mexico,North-central Yucatan,Mayapán,Pele Polychrome,,,,,,,,,,,,,,,,,,,,,,,,,,,,,,,,,,,,
PCD022,Redwares,Mexico,North-central Yucatan,Mayapán,Pele Polychrome,,,,,,,,,,,,,,,,,,,,,,,,,,,,,,,,,,,,
 PCD025,Redwares,Mexico,North-central Yucatan,Mayapán,Pele Polychrome,,,,,,,,,,,,,,,,,,,,,,,,,,,,,,,,,,,,
 PCD028,Redwares,Mexico,North-central Yucatan,Mayapán,Pele Polychrome,,,,,,,,,,,,,,,,,,,,,,,,,,,,,,,,,,,,
 PCD029,Redwares,Mexico,North-central Yucatan,Mayapán,Pele Polychrome,,,,,,,,,,,,,,,,,,,,,,,,,,,,,,,,,,,,
 PCD030,Redwares,Mexico,North-central Yucatan,Mayapán,Pele Polychrome,,,,,,,,,,,,,,,,,,,,,,,,,,,,,,,,,,,,
 PCD031,Redwares,Mexico,North-central Yucatan,Mayapán,Pele Polychrome,,,,,,,,,,,,,,,,,,,,,,,,,,,,,,,,,,,,
 PCD032,Redwares,Mexico,North-central Yucatan,Mayapán,Pele Polychrome,,,,,,,,,,,,,,,,,,,,,,,,,,,,,,,,,,,,
 PCD033,Redwares,Mexico,North-central Yucatan,Mayapán,Pele Polychrome,,,,,,,,,,,,,,,,,,,,,,,,,,,,,,,,,,,,
*PCD034,Redwares,Mexico,North-central Yucatan,Mayapán,Pele Polychrome,,,,,,,,,,,,,,,,,,,,,,,,,,,,,,,,,,,,
 PCD035,Redwares,Mexico,North-central Yucatan,Mayapán,Pele Polychrome,,,,,,,,,,,,,,,,,,,,,,,,,,,,,,,,,,,,
 PCD036,Redwares,Mexico,North-central Yucatan,Mayapán,Pele Polychrome,,,,,,,,,,,,,,,,,,,,,,,,,,,,,,,,,,,,
*PCD037,Redwares,Mexico,North-central Yucatan,Mayapán,Pele Polychrome,,,,,,,,,,,,,,,,,,,,,,,,,,,,,,,,,,,,
 PCD038,Redwares,Mexico,North-central Yucatan,Mayapán,Pele Polychrome,,,,,,,,,,,,,,,,,,,,,,,,,,,,,,,,,,,,
 PCD094,Redwares,Mexico,North-central Yucatan,Mayapán,Pele Polychrome,,,,,,,,,,,,,,,,,,,,,,,,,,,,,,,,,,,,
 *PCD112,Redwares,Mexico,North-central Yucatan,Mayapán,Pele Polychrome,,,,,,,,,,,,,,,,,,,,,,,,,,,,,,,,,,,,
 *PCD162,Redwares,Mexico,North-central Yucatan,Mayapán,Pele Polychrome,,,,,,,,,,,,,,,,,,,,,,,,,,,,,,,,,,,,
 PCD196,Redwares,Mexico,North-central Yucatan,Mayapán,Pele Polychrome,,,,,,,,,,,,,,,,,,,,,,,,,,,,,,,,,,,,
 PCD197,Redwares,Mexico,North-central Yucatan,Mayapán,Pele Polychrome,,,,,,,,,,,,,,,,,,,,,,,,,,,,,,,,,,,,
 PCD171,Redwares,Mexico,North-central Yucatan,Mayapán,Acansip,,,,,,,,,,,,,,,,,,,,,,,,,,,,,,,,,,,,
 PCD082,Redwares,Mexico,North-central Yucatan,Mayapán,Payil Red,,,,,,,,,,,,,,,,,,,,,,,,,,,,,,,,,,,,
 *PCD148,Redwares,Mexico,North-central Yucatan,Mayapán,Augustine Red (probable),,,,,,,,,,,,,,,,,,,,,,,,,,,,,,,,,,,,
 *PCD 193,Redwares,Mexico,North-central Yucatan,Mayapán,Trapeche Pink,,,,,,,,,,,,,,,,,,,,,,,,,,,,,,,,,,,,
*PCD001,Incensarios,Mexico,North-central Yucatan,Mayapán,Chen Mul Modeled,,,,,,,,,,,,,,,,,,,,,,,,,,,,,,,,,,,,
 PCD002,Incensarios,Mexico,North-central Yucatan,Mayapán,Chen Mul Modeled,,,,,,,,,,,,,,,,,,,,,,,,,,,,,,,,,,,,
 PCD003,Incensarios,Mexico,North-central Yucatan,Mayapán,Chen Mul Modeled,,,,,,,,,,,,,,,,,,,,,,,,,,,,,,,,,,,,
 *PCD004,Incensarios,Mexico,North-central Yucatan,Mayapán,Chen Mul Modeled,,,,,,,,,,,,,,,,,,,,,,,,,,,,,,,,,,,,
 PCD005,Incensarios,Mexico,North-central Yucatan,Mayapán,Chen Mul Modeled,,,,,,,,,,,,,,,,,,,,,,,,,,,,,,,,,,,,
 PCD006,Incensarios,Mexico,North-central Yucatan,Mayapán,Chen Mul Modeled,,,,,,,,,,,,,,,,,,,,,,,,,,,,,,,,,,,,
 *PCD007,Incensarios,Mexico,North-central Yucatan,Mayapán,Chen Mul Modeled,,,,,,,,,,,,,,,,,,,,,,,,,,,,,,,,,,,,
 PCD008,Incensarios,Mexico,North-central Yucatan,Mayapán,Chen Mul Modeled,,,,,,,,,,,,,,,,,,,,,,,,,,,,,,,,,,,,
 PCD009,Incensarios,Mexico,North-central Yucatan,Mayapán,Chen Mul Modeled,,,,,,,,,,,,,,,,,,,,,,,,,,,,,,,,,,,,
 PCD010,Incensarios,Mexico,North-central Yucatan,Mayapán,Chen Mul Modeled,,,,,,,,,,,,,,,,,,,,,,,,,,,,,,,,,,,,
 PCD012,Incensarios,Mexico,North-central Yucatan,Mayapán,Chen Mul Modeled,,,,,,,,,,,,,,,,,,,,,,,,,,,,,,,,,,,,
 *PCD019,Incensarios,Mexico,North-central Yucatan,Mayapán,Chen Mul Modeled,,,,,,,,,,,,,,,,,,,,,,,,,,,,,,,,,,,,
 PCD020,Incensarios,Mexico,North-central Yucatan,Mayapán,Chen Mul Modeled,,,,,,,,,,,,,,,,,,,,,,,,,,,,,,,,,,,,
 PCD039,Incensarios,Mexico,North-central Yucatan,Mayapán,Chen Mul Modeled,,,,,,,,,,,,,,,,,,,,,,,,,,,,,,,,,,,,
 *PCD051,Incensarios,Mexico,North-central Yucatan,Mayapán,Chen Mul Modeled,,,,,,,,,,,,,,,,,,,,,,,,,,,,,,,,,,,,
 PCD055,Incensarios,Mexico,North-central Yucatan,Mayapán,Chen Mul Modeled,,,,,,,,,,,,,,,,,,,,,,,,,,,,,,,,,,,,
 PCD056,Incensarios,Mexico,North-central Yucatan,Mayapán,Chen Mul Modeled,,,,,,,,,,,,,,,,,,,,,,,,,,,,,,,,,,,,
 PCD057,Incensarios,Mexico,North-central Yucatan,Mayapán,Chen Mul Modeled,,,,,,,,,,,,,,,,,,,,,,,,,,,,,,,,,,,,
 PCD064,Incensarios,Mexico,North-central Yucatan,Mayapán,Chen Mul Modeled,,,,,,,,,,,,,,,,,,,,,,,,,,,,,,,,,,,,
 PCD070,Incensarios,Mexico,North-central Yucatan,Mayapán,Chen Mul Modeled,,,,,,,,,,,,,,,,,,,,,,,,,,,,,,,,,,,,
 PCD071,Incensarios,Mexico,North-central Yucatan,Mayapán,Chen Mul Modeled,,,,,,,,,,,,,,,,,,,,,,,,,,,,,,,,,,,,
 *PCD074,Incensarios,Mexico,North-central Yucatan,Mayapán,Chen Mul Modeled,,,,,,,,,,,,,,,,,,,,,,,,,,,,,,,,,,,,
 PCD075,Incensarios,Mexico,North-central Yucatan,Mayapán,Chen Mul Modeled,,,,,,,,,,,,,,,,,,,,,,,,,,,,,,,,,,,,
 *PCD080,Incensarios,Mexico,North-central Yucatan,Mayapán,Chen Mul Modeled,,,,,,,,,,,,,,,,,,,,,,,,,,,,,,,,,,,,
 PCD086,Incensarios,Mexico,North-central Yucatan,Mayapán,Chen Mul Modeled,,,,,,,,,,,,,,,,,,,,,,,,,,,,,,,,,,,,
 PCD095,Incensarios,Mexico,North-central Yucatan,Mayapán,Chen Mul Modeled,,,,,,,,,,,,,,,,,,,,,,,,,,,,,,,,,,,,
 *PCD096,Incensarios,Mexico,North-central Yucatan,Mayapán,Chen Mul Modeled,,,,,,,,,,,,,,,,,,,,,,,,,,,,,,,,,,,,
 PCD097,Incensarios,Mexico,North-central Yucatan,Mayapán,Chen Mul Modeled,,,,,,,,,,,,,,,,,,,,,,,,,,,,,,,,,,,,
 *PCD098,Incensarios,Mexico,North-central Yucatan,Mayapán,Chen Mul Modeled,,,,,,,,,,,,,,,,,,,,,,,,,,,,,,,,,,,,
 PCD101,Incensarios,Mexico,North-central Yucatan,Mayapán,Chen Mul Modeled,,,,,,,,,,,,,,,,,,,,,,,,,,,,,,,,,,,,
*PCD116,Incensarios,Mexico,North-central Yucatan,Mayapán,Chen Mul Modeled,,,,,,,,,,,,,,,,,,,,,,,,,,,,,,,,,,,,
 PCD122,Incensarios,Mexico,North-central Yucatan,Mayapán,Chen Mul Modeled,,,,,,,,,,,,,,,,,,,,,,,,,,,,,,,,,,,,
 PCD132,Incensarios,Mexico,North-central Yucatan,Mayapán,Chen Mul Modeled,,,,,,,,,,,,,,,,,,,,,,,,,,,,,,,,,,,,
 PCD133,Incensarios,Mexico,North-central Yucatan,Mayapán,Chen Mul Modeled,,,,,,,,,,,,,,,,,,,,,,,,,,,,,,,,,,,,
PCD134,Incensarios,Mexico,North-central Yucatan,Mayapán,Chen Mul Modeled,,,,,,,,,,,,,,,,,,,,,,,,,,,,,,,,,,,,
 PCD139,Incensarios,Mexico,North-central Yucatan,Mayapán,Chen Mul Modeled,,,,,,,,,,,,,,,,,,,,,,,,,,,,,,,,,,,,
 PCD142,Incensarios,Mexico,North-central Yucatan,Mayapán,Chen Mul Modeled,,,,,,,,,,,,,,,,,,,,,,,,,,,,,,,,,,,,
 PCD145,Incensarios,Mexico,North-central Yucatan,Mayapán,Chen Mul Modeled,,,,,,,,,,,,,,,,,,,,,,,,,,,,,,,,,,,,
 PCD153,Incensarios,Mexico,North-central Yucatan,Mayapán,Chen Mul Modeled,,,,,,,,,,,,,,,,,,,,,,,,,,,,,,,,,,,,
PCD173,Incensarios,Mexico,North-central Yucatan,Mayapán,Chen Mul Modeled,,,,,,,,,,,,,,,,,,,,,,,,,,,,,,,,,,,,
 PCD178,Incensarios,Mexico,North-central Yucatan,Mayapán,Chen Mul Modeled,,,,,,,,,,,,,,,,,,,,,,,,,,,,,,,,,,,,
 *PCD179,Incensarios,Mexico,North-central Yucatan,Mayapán,Chen Mul Modeled,,,,,,,,,,,,,,,,,,,,,,,,,,,,,,,,,,,,
 PCD184,Incensarios,Mexico,North-central Yucatan,Mayapán,Chen Mul Modeled,,,,,,,,,,,,,,,,,,,,,,,,,,,,,,,,,,,,
 PCD195,Incensarios,Mexico,North-central Yucatan,Mayapán,Chen Mul Modeled,,,,,,,,,,,,,,,,,,,,,,,,,,,,,,,,,,,,
 PCD067,Incensarios,Mexico,North-central Yucatan,Mayapán,Cehac-Hunacti Composite (probable),,,,,,,,,,,,,,,,,,,,,,,,,,,,,,,,,,,,
 PCD068,Incensarios,Mexico,North-central Yucatan,Mayapán,Cehac-Hunacti Composite (probable),,,,,,,,,,,,,,,,,,,,,,,,,,,,,,,,,,,,
 PCD069,Incensarios,Mexico,North-central Yucatan,Mayapán,Cehac-Hunacti Composite (probable),,,,,,,,,,,,,,,,,,,,,,,,,,,,,,,,,,,,
 PCD079,Incensarios,Mexico,North-central Yucatan,Mayapán,Cehac-Hunacti Composite (probable),,,,,,,,,,,,,,,,,,,,,,,,,,,,,,,,,,,,
 PCD144,Incensarios,Mexico,North-central Yucatan,Mayapán,Cehac-Hunacti Composite (probable),,,,,,,,,,,,,,,,,,,,,,,,,,,,,,,,,,,,
 PCD062,Incensarios,Mexico,North-central Yucatan,Mayapán,Mayapán Unslipped,,,,,,,,,,,,,,,,,,,,,,,,,,,,,,,,,,,,
PCD1592,Incensarios,Mexico,North-central Yucatan,Kiuic,Chen Mul Modeled,,,,,,,,,,,,,,,,,,,,,,,,,,,,,,,,,,,,
 PCD1593,Incensarios,Mexico,North-central Yucatan,,Chen Mul Modeled,,,,,,,,,,,,,,,,,,,,,,,,,,,,,,,,,,,,
 PCD1594,Incensarios,Mexico,North-central Yucatan,,Chen Mul Modeled,,,,,,,,,,,,,,,,,,,,,,,,,,,,,,,,,,,,
 PCD1595,Incensarios,Mexico,North-central Yucatan,,Chen Mul Modeled,,,,,,,,,,,,,,,,,,,,,,,,,,,,,,,,,,,,
 PCD1596,Incensarios,Mexico,North-central Yucatan,,Chen Mul Modeled,,,,,,,,,,,,,,,,,,,,,,,,,,,,,,,,,,,,
 PCD1597,Incensarios,Mexico,North-central Yucatan,,Chen Mul Modeled,,,,,,,,,,,,,,,,,,,,,,,,,,,,,,,,,,,,
 PCD1598,Incensarios,Mexico,North-central Yucatan,,Chen Mul Modeled,,,,,,,,,,,,,,,,,,,,,,,,,,,,,,,,,,,,
 PCD1599,Incensarios,Mexico,North-central Yucatan,,Chen Mul Modeled,,,,,,,,,,,,,,,,,,,,,,,,,,,,,,,,,,,,
 PCD1600,Incensarios,Mexico,North-central Yucatan,,Chen Mul Modeled,,,,,,,,,,,,,,,,,,,,,,,,,,,,,,,,,,,,
 PCD1601,Incensarios,Mexico,North-central Yucatan,,Chen Mul Modeled,,,,,,,,,,,,,,,,,,,,,,,,,,,,,,,,,,,,
 PCD1602,Incensarios,Mexico,North-central Yucatan,,Chen Mul Modeled,,,,,,,,,,,,,,,,,,,,,,,,,,,,,,,,,,,,
 PCD1603,Incensarios,Mexico,North-central Yucatan,,Chen Mul Modeled,,,,,,,,,,,,,,,,,,,,,,,,,,,,,,,,,,,,
 PCD1604,Incensarios,Mexico,North-central Yucatan,,Chen Mul Modeled,,,,,,,,,,,,,,,,,,,,,,,,,,,,,,,,,,,,
 PCD1605,Incensarios,Mexico,North-central Yucatan,,Chen Mul Modeled,,,,,,,,,,,,,,,,,,,,,,,,,,,,,,,,,,,,
 PCD1606,Incensarios,Mexico,North-central Yucatan,,Chen Mul Modeled,,,,,,,,,,,,,,,,,,,,,,,,,,,,,,,,,,,,
 PCD1607,Incensarios,Mexico,North-central Yucatan,,Chen Mul Modeled,,,,,,,,,,,,,,,,,,,,,,,,,,,,,,,,,,,,
 PCD1608,Incensarios,Mexico,North-central Yucatan,,Chen Mul Modeled,,,,,,,,,,,,,,,,,,,,,,,,,,,,,,,,,,,,
 PCD1609,Incensarios,Mexico,North-central Yucatan,,Chen Mul Modeled,,,,,,,,,,,,,,,,,,,,,,,,,,,,,,,,,,,,
 PCD1610,Incensarios,Mexico,North-central Yucatan,,Chen Mul Modeled,,,,,,,,,,,,,,,,,,,,,,,,,,,,,,,,,,,,
 PCD1611,Incensarios,Mexico,North-central Yucatan,,Chen Mul Modeled,,,,,,,,,,,,,,,,,,,,,,,,,,,,,,,,,,,,
 PCD1612,Incensarios,Mexico,North-central Yucatan,,Chen Mul Modeled,,,,,,,,,,,,,,,,,,,,,,,,,,,,,,,,,,,,
 PCD1613,Incensarios,Mexico,North-central Yucatan,,Chen Mul Modeled,,,,,,,,,,,,,,,,,,,,,,,,,,,,,,,,,,,,
 PCD1614,Incensarios,Mexico,North-central Yucatan,,Chen Mul Modeled,,,,,,,,,,,,,,,,,,,,,,,,,,,,,,,,,,,,
 PCD1615,Incensarios,Mexico,North-central Yucatan,,Chen Mul Modeled,,,,,,,,,,,,,,,,,,,,,,,,,,,,,,,,,,,,
 PCD1616,Incensarios,Mexico,North-central Yucatan,,Chen Mul Modeled,,,,,,,,,,,,,,,,,,,,,,,,,,,,,,,,,,,,
 PCD1617,Incensarios,Mexico,North-central Yucatan,,Chen Mul Modeled,,,,,,,,,,,,,,,,,,,,,,,,,,,,,,,,,,,,
 PCD1618,Incensarios,Mexico,North-central Yucatan,,Chen Mul Modeled,,,,,,,,,,,,,,,,,,,,,,,,,,,,,,,,,,,,
 PCD1619,Incensarios,Mexico,North-central Yucatan,,Chen Mul Modeled,,,,,,,,,,,,,,,,,,,,,,,,,,,,,,,,,,,,
 PCD1620,Incensarios,Mexico,North-central Yucatan,,Chen Mul Modeled,,,,,,,,,,,,,,,,,,,,,,,,,,,,,,,,,,,,
 PCD1621,Incensarios,Mexico,North-central Yucatan,,Chen Mul Modeled,,,,,,,,,,,,,,,,,,,,,,,,,,,,,,,,,,,,
 PCD1622,Incensarios,Mexico,North-central Yucatan,,Chen Mul Modeled,,,,,,,,,,,,,,,,,,,,,,,,,,,,,,,,,,,,
 PCD1623,Incensarios,Mexico,North-central Yucatan,,Chen Mul Modeled,,,,,,,,,,,,,,,,,,,,,,,,,,,,,,,,,,,,
 PCD1624,Incensarios,Mexico,North-central Yucatan,,Chen Mul Modeled,,,,,,,,,,,,,,,,,,,,,,,,,,,,,,,,,,,,
 PCD1625,Incensarios,Mexico,North-central Yucatan,,Chen Mul Modeled,,,,,,,,,,,,,,,,,,,,,,,,,,,,,,,,,,,,
 PCD1626,Incensarios,Mexico,North-central Yucatan,,Chen Mul Modeled,,,,,,,,,,,,,,,,,,,,,,,,,,,,,,,,,,,,
 PCD1627,Incensarios,Mexico,North-central Yucatan,,Chen Mul Modeled,,,,,,,,,,,,,,,,,,,,,,,,,,,,,,,,,,,,
 PCD1628,Incensarios,Mexico,North-central Yucatan,,Chen Mul Modeled,,,,,,,,,,,,,,,,,,,,,,,,,,,,,,,,,,,,
 PCD1629,Incensarios,Mexico,North-central Yucatan,,Chen Mul Modeled,,,,,,,,,,,,,,,,,,,,,,,,,,,,,,,,,,,,
 PCD1630,Incensarios,Mexico,North-central Yucatan,,Chen Mul Modeled,,,,,,,,,,,,,,,,,,,,,,,,,,,,,,,,,,,,
 PCD1631,Incensarios,Mexico,North-central Yucatan,,Chen Mul Modeled,,,,,,,,,,,,,,,,,,,,,,,,,,,,,,,,,,,,
 PCD1632,Incensarios,Mexico,North-central Yucatan,,Chen Mul Modeled,,,,,,,,,,,,,,,,,,,,,,,,,,,,,,,,,,,,
 PCD1633,Incensarios,Mexico,North-central Yucatan,,Chen Mul Modeled,,,,,,,,,,,,,,,,,,,,,,,,,,,,,,,,,,,,
 PCD1634,Incensarios,Mexico,North-central Yucatan,,Chen Mul Modeled,,,,,,,,,,,,,,,,,,,,,,,,,,,,,,,,,,,,
 PCD1635,Incensarios,Mexico,North-central Yucatan,,Chen Mul Modeled,,,,,,,,,,,,,,,,,,,,,,,,,,,,,,,,,,,,
 PCD1636,Incensarios,Mexico,North-central Yucatan,,Chen Mul Modeled,,,,,,,,,,,,,,,,,,,,,,,,,,,,,,,,,,,,
 PCD1637,Incensarios,Mexico,North-central Yucatan,,Chen Mul Modeled,,,,,,,,,,,,,,,,,,,,,,,,,,,,,,,,,,,,
 PCD1638,Incensarios,Mexico,North-central Yucatan,,Chen Mul Modeled,,,,,,,,,,,,,,,,,,,,,,,,,,,,,,,,,,,,
 PCD1639 ,Incensarios,Mexico,North-central Yucatan,,Chen Mul Modeled,,,,,,,,,,,,,,,,,,,,,,,,,,,,,,,,,,,,
